-- phpMyAdmin SQL Dump
-- version 5.2.1
-- https://www.phpmyadmin.net/
--
-- Máy chủ: 127.0.0.1
-- Thời gian đã tạo: Th4 28, 2025 lúc 05:24 PM
-- Phiên bản máy phục vụ: 10.4.32-MariaDB
-- Phiên bản PHP: 8.2.12

SET SQL_MODE = "NO_AUTO_VALUE_ON_ZERO";
START TRANSACTION;
SET time_zone = "+00:00";


/*!40101 SET @OLD_CHARACTER_SET_CLIENT=@@CHARACTER_SET_CLIENT */;
/*!40101 SET @OLD_CHARACTER_SET_RESULTS=@@CHARACTER_SET_RESULTS */;
/*!40101 SET @OLD_COLLATION_CONNECTION=@@COLLATION_CONNECTION */;
/*!40101 SET NAMES utf8mb4 */;

--
-- Cơ sở dữ liệu: `driving_test_db`
--

-- --------------------------------------------------------

--
-- Cấu trúc bảng cho bảng `answers`
--

CREATE TABLE `answers` (
  `answer_id` int(11) NOT NULL,
  `question_id` int(11) DEFAULT NULL,
  `answer_text` text NOT NULL,
  `explanation` text DEFAULT NULL,
  `is_correct` tinyint(1) DEFAULT 0
) ENGINE=InnoDB DEFAULT CHARSET=utf8mb4 COLLATE=utf8mb4_unicode_ci;

--
-- Đang đổ dữ liệu cho bảng `answers`
--

INSERT INTO `answers` (`answer_id`, `question_id`, `answer_text`, `explanation`, `is_correct`) VALUES
(1, 21, 'Phần mặt đường và lề đường.', 'Phần đường xe chạy mới là nơi dành cho phương tiện giao thông.', 0),
(2, 21, 'Phần đường xe chạy.', 'Đây là phần đường bộ dành cho các phương tiện giao thông qua lại.', 1),
(3, 21, 'Phần đường xe cơ giới.', 'Phần đường xe cơ giới chỉ là một phần của phần đường xe chạy.', 0),
(4, 22, 'Phương tiện giao thông cơ giới đường bộ.', 'Cả phương tiện cơ giới và thô sơ đều thuộc phương tiện giao thông.', 0),
(5, 22, 'Phương tiện giao thông thô sơ đường bộ và xe máy chuyên dùng.', 'Cả phương tiện cơ giới và thô sơ đều thuộc phương tiện giao thông.', 0),
(6, 22, 'Cả ý 1 và ý 2.', 'Phương tiện giao thông đường bộ bao gồm cả cơ giới và thô sơ.', 1),
(7, 23, 'Không được vượt.', 'Xe cứu thương đang phát tín hiệu ưu tiên không được vượt.', 1),
(8, 23, 'Được vượt khi đang đi trên cầu.', 'Vượt xe ưu tiên trên cầu là vi phạm.', 0),
(9, 23, 'Được phép vượt khi đi qua nơi giao nhau có ít phương tiện cùng tham gia giao thông.', 'Vẫn không được vượt xe ưu tiên dù ít phương tiện.', 0),
(10, 23, 'Được vượt khi đảm bảo an toàn.', 'Không được vượt xe ưu tiên trong mọi trường hợp.', 0),
(11, 24, 'Biển báo nguy hiểm.', 'Biển tròn nền xanh là biển hiệu lệnh, không phải báo nguy hiểm.', 0),
(12, 24, 'Biển báo cấm.', 'Biển tròn nền xanh là biển hiệu lệnh, không phải biển cấm.', 0),
(13, 24, 'Biển báo hiệu lệnh phải thi hành.', 'Biển tròn nền xanh với hình trắng là biển hiệu lệnh.', 1),
(14, 24, 'Biển báo chỉ dẫn.', 'Biển chỉ dẫn thường là hình vuông hoặc chữ nhật.', 0),
(15, 25, 'Phải báo hiệu bằng đèn hoặc còi.', 'Trong đô thị từ 22h-5h, chỉ dùng đèn để báo hiệu.', 0),
(16, 25, 'Chỉ được báo hiệu bằng còi.', 'Dùng còi trong khung giờ này là vi phạm.', 0),
(17, 25, 'Phải báo hiệu bằng cả còi và đèn.', 'Không được dùng còi trong khung giờ này.', 0),
(18, 25, 'Chỉ được báo hiệu bằng đèn.', 'Trong đô thị từ 22h-5h, chỉ dùng đèn để đảm bảo an toàn.', 1),
(19, 26, 'Xe cơ giới, xe máy chuyên dùng phải bật đèn; xe thô sơ phải bật đèn hoặc có vật phát sáng báo hiệu; chỉ được dừng xe, đỗ xe ở nơi quy định.', 'Đây là quy định đúng khi đi trong hầm đường bộ.', 1),
(20, 26, 'Xe cơ giới phải bật đèn ngay cả khi đường hầm sáng; phải cho xe chạy trên một làn đường và chỉ chuyển làn ở nơi được phép; được quay đầu xe, lùi xe khi cần thiết.', 'Quay đầu và lùi xe trong hầm là vi phạm.', 0),
(21, 26, 'Xe máy chuyên dùng phải bật đèn ngay cả khi đường hầm sáng; phải cho xe chạy trên một làn đường và chỉ chuyển làn ở nơi được phép; được quay đầu xe, lùi xe khi cần thiết.', 'Quay đầu và lùi xe trong hầm là vi phạm.', 0),
(22, 27, 'Xe bị vượt bất ngờ tăng tốc độ và cố tình không nhường đường.', 'Không được vượt khi xe bị vượt không nhường đường.', 0),
(23, 27, 'Xe bị vượt giảm tốc độ và nhường đường.', 'Trường hợp này được phép vượt.', 0),
(24, 27, 'Phát hiện có xe đi ngược chiều.', 'Không được vượt khi có xe ngược chiều.', 0),
(25, 27, 'Cả ý 1 và ý 3.', 'Cả hai trường hợp này đều cấm vượt.', 1),
(26, 28, 'Chủ động giữ khoảng cách an toàn phù hợp với xe chạy liền trước xe của mình.', 'Giữ khoảng cách an toàn là cần thiết.', 0),
(27, 28, 'Đảm bảo khoảng cách an toàn theo mật độ phương tiện, tình hình giao thông thực tế.', 'Điều kiện giao thông thực tế cũng cần xem xét.', 0),
(28, 28, 'Cả ý 1 và ý 2.', 'Cả hai yếu tố đều cần để đảm bảo an toàn.', 1),
(29, 29, 'Ra tín hiệu bằng tay rồi cho xe vượt qua.', 'Tín hiệu bằng tay không phù hợp khi điều khiển mô tô.', 0),
(30, 29, 'Tăng ga mạnh để gây sự chú ý rồi cho xe vượt qua.', 'Hành vi này không an toàn và không đúng quy định.', 0),
(31, 29, 'Bạn phải có tín hiệu bằng đèn hoặc còi.', 'Đèn hoặc còi là tín hiệu đúng để báo vượt.', 1),
(32, 30, 'Để điều khiển xe chạy về phía trước.', 'Tay ga điều khiển tốc độ và hướng tiến.', 0),
(33, 30, 'Để điều tiết công suất động cơ qua đó điều khiển tốc độ của xe.', 'Tay ga kiểm soát tốc độ qua công suất động cơ.', 0),
(34, 30, 'Để điều khiển xe chạy lùi.', 'Xe mô tô không dùng tay ga để chạy lùi.', 0),
(35, 30, 'Cả ý 1 và ý 2.', 'Tay ga có cả hai chức năng này.', 1),
(36, 31, 'Biển 1.', 'Biển cấm rẽ trái là hình tròn, viền đỏ, mũi tên rẽ trái bị gạch đỏ.', 1),
(37, 31, 'Biển 2.', 'Biển 2 không phải biển cấm rẽ trái.', 0),
(38, 31, 'Cả hai biển.', 'Chỉ biển 1 là đúng.', 0),
(39, 32, 'Biển 1.', 'Biển cấm tất cả phương tiện.', 0),
(40, 32, 'Biển 2.', 'Biển cấm tất cả phương tiện.', 0),
(41, 32, 'Biển 1 và 2.', 'Cả hai biển đều cấm phương tiện đi vào.', 1),
(42, 33, 'Biển 1.', 'Biển 1 không cấm mô tô hai bánh.', 0),
(43, 33, 'Biển 2.', 'Biển cấm mô tô hai bánh có hình mô tô bị gạch đỏ.', 1),
(44, 33, 'Biển 3.', 'Biển 3 không cấm mô tô hai bánh.', 0),
(45, 34, 'Biển 1 và 2.', 'Biển nguy hiểm giao nhau với đường sắt là tam giác, viền đỏ.', 0),
(46, 34, 'Biển 1 và 3.', 'Biển 1 và 3 báo hiệu giao nhau với đường sắt.', 1),
(47, 34, 'Biển 2 và 3.', 'Biển 2 không phải biển báo đường sắt.', 0),
(48, 34, 'Cả ba biển.', 'Biển 2 không đúng.', 0),
(49, 35, 'Biển 1.', 'Biển báo đường giao nhau cùng cấp là tam giác, viền đỏ, ký hiệu giao nhau.', 1),
(50, 35, 'Biển 2.', 'Biển 2 không phải báo giao nhau cùng cấp.', 0),
(51, 35, 'Biển 3.', 'Biển 3 không phải báo giao nhau cùng cấp.', 0),
(52, 36, 'Biển 1.', 'Biển 1 không phải chỉ dẫn đường cho người đi bộ.', 0),
(53, 36, 'Biển 2.', 'Biển vuông, nền xanh, hình người đi bộ là đường dành cho người đi bộ.', 1),
(54, 36, 'Biển 3.', 'Biển 3 không phải chỉ dẫn đường cho người đi bộ.', 0),
(55, 37, 'Biển 1.', 'Biển 1 không phải biển hết cấm vượt.', 0),
(56, 37, 'Biển 2.', 'Biển hết cấm vượt là hình tròn, viền đen, ký hiệu cấm vượt bị gạch đỏ.', 1),
(57, 37, 'Biển 3.', 'Biển 3 không phải biển hết cấm vượt.', 0),
(58, 37, 'Biển 2 và 3.', 'Chỉ biển 2 là đúng.', 0),
(59, 38, 'Vạch 1.', 'Vạch kép màu vàng cấm lấn làn, đè vạch.', 1),
(60, 38, 'Vạch 2.', 'Vạch 2 không phải vạch cấm đè.', 0),
(61, 38, 'Vạch 3.', 'Vạch 3 không phải vạch cấm đè.', 0),
(62, 38, 'Cả 3 vạch.', 'Chỉ vạch 1 là đúng.', 0),
(63, 39, 'Mô tô.', 'Xe cứu thương có tín hiệu ưu tiên được đi trước.', 0),
(64, 39, 'Xe cứu thương.', 'Xe cứu thương có quyền ưu tiên trong trường hợp này.', 1),
(65, 40, 'Đúng.', 'Xe tải kéo mô tô ba bánh là vi phạm quy tắc.', 0),
(66, 40, 'Không đúng.', 'Hành vi kéo phương tiện khác như thế này là không đúng quy định.', 1),
(67, 41, 'Cả ba hướng.', 'Biển báo thường chỉ cho phép đi thẳng và rẽ phải.', 0),
(68, 41, 'Hướng 1 và 2.', 'Hướng 2 có thể bị cấm tùy theo biển báo.', 0),
(69, 41, 'Hướng 1 và 3.', 'Hướng 1 (thẳng) và 3 (rẽ phải) thường được phép.', 1),
(70, 41, 'Hướng 2 và 3.', 'Hướng 2 có thể bị cấm.', 0),
(71, 42, 'Xe con, xe tải, xe khách.', 'Dựa trên hình, các xe vi phạm là xe khách, mô tô, xe con.', 0),
(72, 42, 'Xe tải, xe khách, xe mô tô.', 'Xe tải không phải là xe vi phạm chính.', 0),
(73, 42, 'Xe khách, xe mô tô, xe con.', 'Các xe này vi phạm quy tắc ưu tiên hoặc làn đường.', 1),
(74, 43, 'Là một phần của phần đường xe chạy được chia theo chiều dọc của đường, sử dụng cho xe chạy.', 'Làn đường phải có bề rộng đủ cho xe chạy an toàn.', 0),
(75, 43, 'Là một phần của phần đường xe chạy được chia theo chiều dọc của đường, có bề rộng đủ cho xe chạy an toàn.', 'Làn đường là phần đường được chia dọc, đủ rộng để xe di chuyển an toàn.', 1),
(76, 43, 'Là đường cho xe ô tô chạy, dừng, đỗ an toàn.', 'Làn đường không chỉ dành riêng cho xe ô tô.', 0),
(77, 44, 'Người điều khiển, người sử dụng phương tiện tham gia giao thông đường bộ.', 'Chỉ bao gồm một phần đối tượng tham gia giao thông.', 0),
(78, 44, 'Người điều khiển, dẫn dắt súc vật; người đi bộ trên đường bộ.', 'Chỉ bao gồm một phần đối tượng tham gia giao thông.', 0),
(79, 44, 'Cả ý 1 và ý 2.', 'Người tham gia giao thông bao gồm cả người điều khiển phương tiện và người đi bộ, dẫn dắt súc vật.', 1),
(80, 45, 'Biển báo nguy hiểm.', 'Biển nguy hiểm thường là tam giác viền đỏ.', 0),
(81, 45, 'Biển báo cấm.', 'Biển cấm thường là hình tròn viền đỏ.', 0),
(82, 45, 'Biển báo hiệu lệnh phải thi hành.', 'Biển hiệu lệnh thường là hình tròn nền xanh.', 0),
(83, 45, 'Biển báo chỉ dẫn.', 'Biển hình chữ nhật hoặc vuông nền xanh là biển chỉ dẫn.', 1),
(84, 46, 'Tăng tốc độ và ra hiệu cho xe sau vượt, không được gây trở ngại cho xe sau vượt.', 'Tăng tốc độ là không đúng, phải giảm tốc để nhường đường.', 0),
(85, 46, 'Người điều khiển phương tiện phía trước phải giảm tốc độ, đi sát về bên phải của phần đường xe chạy cho đến khi xe sau đã vượt qua, không được gây trở ngại cho xe sau vượt.', 'Đây là quy định đúng để nhường đường an toàn.', 1),
(86, 46, 'Cho xe tránh về bên trái mình và ra hiệu cho xe sau vượt; nếu có chướng ngại vật phía trước hoặc thiếu điều kiện an toàn chưa cho vượt được phải ra hiệu cho xe sau biết; cấm gây trở ngại cho xe xin vượt.', 'Tránh bên trái là không đúng, phải đi sát bên phải.', 0),
(87, 47, 'Nếu đủ điều kiện an toàn, người lái xe phải giảm tốc độ, đi sát về bên phải của phần đường xe chạy cho đến khi xe sau đã vượt qua, không được gây trở ngại đối với xe xin vượt.', 'Đây là cách xử lý đúng để nhường đường an toàn.', 1),
(88, 47, 'Lái xe vào lề đường bên trái và giảm tốc độ để xe phía sau vượt qua, không được gây trở ngại đối với xe xin vượt.', 'Lái vào lề trái là không đúng, phải đi sát bên phải.', 0),
(89, 47, 'Nếu đủ điều kiện an toàn, người lái xe phải tăng tốc độ, đi sát về bên phải của phần đường xe chạy cho đến khi xe sau đã vượt qua.', 'Tăng tốc độ là không đúng, phải giảm tốc.', 0),
(90, 48, 'Gặp biển báo nguy hiểm trên đường.', 'Biển báo nguy hiểm yêu cầu giảm tốc và thận trọng.', 1),
(91, 48, 'Gặp biển chỉ dẫn trên đường.', 'Biển chỉ dẫn không yêu cầu giảm tốc đặc biệt.', 0),
(92, 48, 'Gặp biển báo hết mọi lệnh cấm.', 'Biển hết lệnh cấm không yêu cầu giảm tốc.', 0),
(93, 48, 'Gặp biển báo hết hạn chế tốc độ tối đa cho phép.', 'Biển này cho phép tăng tốc, không yêu cầu giảm.', 0),
(94, 49, 'Đường ướt, đường có sỏi cát trên nền đường.', 'Cần giảm tốc nhưng không phải tất cả các trường hợp.', 0),
(95, 49, 'Đường hẹp có nhiều điểm giao cắt từ hai phía.', 'Cần giảm tốc nhưng không phải tất cả các trường hợp.', 0),
(96, 49, 'Đường đèo dốc, vòng liên tục.', 'Cần giảm tốc nhưng không phải tất cả các trường hợp.', 0),
(97, 49, 'Tất cả các ý nêu trên.', 'Tất cả các trường hợp này đều yêu cầu giảm tốc và thận trọng.', 1),
(98, 50, 'Quan sát biển báo hiệu để biết nơi được phép quay đầu; quan sát kỹ địa hình nơi chọn để quay đầu; lựa chọn quỹ đạo quay đầu xe cho thích hợp; quay đầu xe với tốc độ thấp; thường xuyên báo tín hiệu để người, các phương tiện xung quanh được biết; nếu quay đầu xe ở nơi nguy hiểm thì đưa đầu xe về phía nguy hiểm đưa đuôi xe về phía an toàn.', 'Đây là quy trình đúng để quay đầu xe an toàn.', 1),
(99, 50, 'Quan sát biển báo hiệu để biết nơi được phép quay đầu; quan sát kỹ địa hình nơi chọn để quay đầu; lựa chọn quỹ đạo quay đầu xe; quay đầu xe với tốc độ tối đa; thường xuyên báo tín hiệu để người, các phương tiện xung quanh được biết; nếu quay đầu xe ở nơi nguy hiểm thì đưa đuôi xe về phía nguy hiểm và đầu xe về phía an toàn.', 'Quay đầu với tốc độ tối đa và đưa đuôi xe về phía nguy hiểm là sai.', 0),
(100, 51, 'Để quan sát an toàn phía bên trái khi chuẩn bị rẽ trái.', 'Gương chiếu hậu quan sát cả hai bên, không chỉ bên trái.', 0),
(101, 51, 'Để quan sát an toàn phía bên phải khi chuẩn bị rẽ phải.', 'Gương chiếu hậu quan sát cả hai bên, không chỉ bên phải.', 0),
(102, 51, 'Để quan sát an toàn phía sau cả bên trái và bên phải trước khi chuyển hướng.', 'Đây là chức năng chính của gương chiếu hậu.', 1),
(103, 51, 'Để quan sát an toàn phía trước cả bên trái và bên phải trước khi chuyển hướng.', 'Gương chiếu hậu không dùng để quan sát phía trước.', 0),
(104, 52, 'Biển 1.', 'Biển 1 thường là biển cấm rẽ trái.', 0),
(105, 52, 'Biển 2.', 'Biển tròn, nền xanh, mũi tên rẽ trái cho phép rẽ trái.', 1),
(106, 52, 'Không biển nào.', 'Biển 2 cho phép rẽ trái.', 0),
(107, 53, 'Biển 1.', 'Biển 1 không phải biển dừng.', 0),
(108, 53, 'Biển 2.', 'Biển dừng (STOP) yêu cầu tất cả xe, kể cả xe ưu tiên, phải dừng.', 1),
(109, 53, 'Cả ba biển.', 'Chỉ biển 2 yêu cầu dừng.', 0),
(110, 54, 'Biển 1.', 'Biển chữ nhật, nền xanh, ký hiệu nhà báo hiệu khu dân cư.', 1),
(111, 54, 'Biển 2.', 'Biển 2 thường là biển hết khu dân cư.', 0),
(112, 55, 'Biển 1 và 2.', 'Biển 2 không phải biển báo đường sắt.', 0),
(113, 55, 'Biển 1 và 3.', 'Biển tam giác, viền đỏ, ký hiệu đường sắt báo hiệu không rào chắn.', 1),
(114, 55, 'Biển 2 và 3.', 'Biển 2 không phải biển báo đường sắt.', 0),
(115, 55, 'Cả ba biển.', 'Biển 2 không đúng.', 0),
(116, 56, 'Biển 1.', 'Biển chữ nhật, nền xanh, ký hiệu hai làn đường báo hiệu đường đôi.', 1),
(117, 56, 'Biển 2.', 'Biển 2 không phải biển đường đôi.', 0),
(118, 56, 'Biển 3.', 'Biển 3 không phải biển đường đôi.', 0),
(119, 57, 'Báo hiệu đường có ổ gà, lồi lõm.', 'Biển báo gồ giảm tốc, không phải ổ gà.', 0),
(120, 57, 'Báo hiệu đường có gồ giảm tốc phía trước.', 'Biển tam giác, viền đỏ, ký hiệu gồ báo hiệu gồ giảm tốc.', 1),
(121, 58, 'Biển 1.', 'Biển 1 không phải biển hết lệnh cấm.', 0),
(122, 58, 'Biển 2.', 'Biển 2 không phải biển hết lệnh cấm.', 0),
(123, 58, 'Biển 3.', 'Biển tròn, viền đen, nền trắng, gạch chéo đỏ là biển hết lệnh cấm.', 1),
(124, 58, 'Cả ba biển.', 'Chỉ biển 3 là đúng.', 0),
(125, 59, 'Vạch 1.', 'Vạch 1 là vạch tim đường.', 0),
(126, 59, 'Vạch 2.', 'Vạch 2 không phải vạch tim đường.', 0),
(127, 59, 'Vạch 3.', 'Vạch 3 là vạch tim đường.', 0),
(128, 59, 'Vạch 1 và 3.', 'Vạch liền hoặc nét đứt màu vàng là vạch tim đường.', 1),
(129, 60, 'Xe con và xe khách.', 'Dựa trên tín hiệu đèn, xe con và xe khách được phép đi.', 1),
(130, 60, 'Mô tô.', 'Mô tô không được phép đi theo tín hiệu đèn.', 0),
(131, 61, 'Xe con.', 'Xe mô tô có ưu tiên trong trường hợp này.', 0),
(132, 61, 'Xe mô tô.', 'Dựa trên hình, xe mô tô có quyền đi trước.', 1),
(133, 62, 'Xe công an, xe quân sự, xe con + mô tô.', 'Xe công an và quân sự có ưu tiên cao nhất, sau đó là xe con và mô tô.', 1),
(134, 62, 'Xe quân sự, xe công an, xe con + mô tô.', 'Thứ tự ưu tiên xe công an cao hơn xe quân sự.', 0),
(135, 62, 'Xe mô tô + xe con, xe quân sự, xe công an.', 'Xe mô tô và xe con không ưu tiên hơn xe công an, quân sự.', 0),
(136, 63, 'Xe tải, mô tô.', 'Xe tải vi phạm quy tắc trong trường hợp này.', 0),
(137, 63, 'Xe khách, mô tô.', 'Xe khách vi phạm quy tắc trong trường hợp này.', 0),
(138, 63, 'Xe tải, xe con.', 'Xe tải vi phạm quy tắc trong trường hợp này.', 0),
(139, 63, 'Mô tô, xe con.', 'Dựa trên hình, mô tô và xe con chấp hành đúng quy tắc.', 1),
(140, 64, 'Là bộ phận của đường để ngăn cách không cho các loại xe vào những nơi không được phép.', 'Sai, đây không phải định nghĩa đúng về dải phân cách.', 0),
(141, 64, 'Là bộ phận của đường để phân tách phần đường xe chạy và hành lang an toàn giao thông.', 'Sai, dải phân cách không dùng để phân tách hành lang an toàn.', 0),
(142, 64, 'Là bộ phận của đường để phân Gama mặt đường thành hai chiều xe chạy riêng biệt hoặc để phân chia phần đường của xe cơ giới và xe thô sơ.', 'Đúng, đây là định nghĩa chính xác về dải phân cách theo luật giao thông.', 1),
(143, 65, 'Người điều khiển xe cơ giới, người điều khiển xe thô sơ.', 'Chưa đầy đủ, không bao gồm xe máy chuyên dùng.', 0),
(144, 65, 'Người điều khiển xe máy chuyên dùng tham gia giao thông đường bộ.', 'Chưa đầy đủ, không bao gồm xe cơ giới và xe thô sơ.', 0),
(145, 65, 'Cả ý 1 và ý 2.', 'Đúng, bao gồm cả người điều khiển xe cơ giới, xe thô sơ và xe máy chuyên dùng.', 1),
(146, 66, '16 tuổi.', 'Sai, 16 tuổi chỉ được điều khiển xe dưới 50 cm3.', 0),
(147, 66, '18 tuổi.', 'Đúng, 18 tuổi được điều khiển xe mô tô từ 50 cm3 trở lên và xe ô tô dưới 3,5 tấn.', 1),
(148, 66, '17 tuổi.', 'Sai, 17 tuổi chưa đủ điều kiện điều khiển các phương tiện này.', 0),
(149, 67, '02 năm.', 'Sai, thời gian bị cấm cấp GPLX là 5 năm.', 0),
(150, 67, '03 năm.', 'Sai, thời gian bị cấm cấp GPLX là 5 năm.', 0),
(151, 67, '05 năm.', 'Đúng, theo quy định, người vi phạm sẽ không được cấp GPLX trong 5 năm.', 1),
(152, 67, '04 năm.', 'Sai, thời gian bị cấm cấp GPLX là 5 năm.', 0),
(153, 68, 'Quan sát gương, ra tín hiệu, quan sát an toàn và chuyển hướng.', 'Chưa đầy đủ, cần giảm tốc độ để đảm bảo an toàn.', 0),
(154, 68, 'Quan sát gương, giảm tốc độ, ra tín hiệu chuyển hướng, quan sát an toàn và chuyển hướng.', 'Đúng, quy trình đầy đủ để chuyển hướng an toàn.', 1),
(155, 68, 'Quan sát gương, tăng tốc độ, ra tín hiệu và chuyển hướng.', 'Sai, tăng tốc độ khi chuyển hướng là không an toàn.', 0),
(156, 69, 'Chở người bệnh đi cấp cứu; trẻ em dưới 14 tuổi.', 'Chưa đầy đủ, không bao gồm áp giải người vi phạm.', 0),
(157, 69, 'Áp giải người có hành vi vi phạm pháp luật.', 'Chưa đầy đủ, không bao gồm chở người bệnh hoặc trẻ em.', 0),
(158, 69, 'Cả ý 1 và ý 2.', 'Đúng, cả hai trường hợp đều được phép chở thêm người.', 1),
(159, 70, 'Phải đội mũ bảo hiểm đạt chuẩn, có cài quai đúng quy cách, mặc quần áo gọn gàng; không sử dụng ô, điện thoại di động, thiết bị âm thanh (trừ thiết bị trợ thính).', 'Đúng, đây là quy định đảm bảo an toàn khi lái mô tô.', 1),
(160, 70, 'Phải đội mũ bảo hiểm khi trời mưa gió hoặc trời quá nắng; có thể sử dụng ô, điện thoại di động, thiết bị âm thanh nhưng phải đảm bảo an toàn.', 'Sai, sử dụng ô hoặc điện thoại là vi phạm.', 0),
(161, 70, 'Phải đội mũ bảo hiểm khi cảm thấy mất an toàn giao thông hoặc khi chuẩn bị di chuyển quãng đường xa.', 'Sai, đội mũ bảo hiểm là bắt buộc mọi lúc.', 0),
(162, 71, 'Hiệu lệnh của nhân viên gác chắn.', 'Chưa đầy đủ, còn các tín hiệu khác.', 0),
(163, 71, 'Đèn đỏ sáng nháy, cờ đỏ, biển đỏ.', 'Chưa đầy đủ, không bao gồm còi, chuông.', 0),
(164, 71, 'Còi, chuông kêu, chắn đã đóng.', 'Chưa đầy đủ, không bao gồm hiệu lệnh gác chắn.', 0),
(165, 71, 'Tất cả các ý trên.', 'Đúng, tất cả các tín hiệu này yêu cầu dừng xe.', 1),
(166, 72, 'Tăng tốc độ để nhanh chóng vượt qua bến đỗ.', 'Sai, tăng tốc là không an toàn.', 0),
(167, 72, 'Giảm tốc độ đến mức an toàn có thể và quan sát người qua đường và từ từ vượt qua xe buýt.', 'Đúng, đảm bảo an toàn khi vượt xe buýt.', 1),
(168, 72, 'Yêu cầu phải dừng lại phía sau xe buýt chờ xe rời bến mới đi tiếp.', 'Sai, không bắt buộc dừng hoàn toàn.', 0),
(169, 73, 'Không nên đi cố vào đường hẹp; xe đi ở sườn núi nên dừng lại trước để nhường đường; khi dừng xe nhường đường phải đỗ ngay ngắn.', 'Đúng, đây là các lưu ý an toàn.', 0),
(170, 73, 'Trong khi tránh nhau không nên đổi số; khi tránh nhau ban đêm, phải tắt đèn pha bật đèn cốt.', 'Đúng, đảm bảo an toàn khi tránh nhau.', 0),
(171, 73, 'Khi tránh nhau ban đêm, phải thường xuyên bật đèn pha tắt đèn cốt.', 'Sai, bật đèn pha gây nguy hiểm.', 0),
(172, 73, 'Cả ý 1 và ý 2.', 'Đúng, cả hai ý đều là các biện pháp an toàn.', 1),
(173, 74, 'Tăng ga thật nhanh, giảm ga từ từ.', 'Sai, tăng ga nhanh gây mất kiểm soát.', 0),
(174, 74, 'Tăng ga thật nhanh, giảm ga thật nhanh.', 'Sai, cả hai đều không an toàn.', 0),
(175, 74, 'Tăng ga từ từ, giảm ga thật nhanh.', 'Sai, giảm ga nhanh có thể gây nguy hiểm.', 0),
(176, 74, 'Tăng ga từ từ, giảm ga từ từ.', 'Đúng, đảm bảo kiểm soát xe an toàn.', 1),
(177, 75, 'Biển 1 và 2.', 'Sai, cần xác định đúng biển cấm rẽ phải.', 0),
(178, 75, 'Biển 1 và 3.', 'Sai, không phải cả hai đều cấm.', 0),
(179, 75, 'Biển 2 và 3.', 'Đúng, biển cấm rẽ phải thường là biển tròn viền đỏ với mũi tên rẽ phải.', 1),
(180, 75, 'Cả ba biển.', 'Sai, không phải tất cả đều cấm rẽ phải.', 0),
(181, 76, 'Biển 1.', 'Đúng, biển tròn viền đỏ với nền trắng cấm tất cả xe trừ xe ưu tiên.', 1),
(182, 76, 'Biển 2.', 'Sai, đây không phải biển cấm tất cả xe.', 0),
(183, 76, 'Cả hai biển.', 'Sai, chỉ biển 1 là đúng.', 0),
(184, 77, 'Biển 1.', 'Sai, không phải biển nhường đường cho người đi bộ.', 0),
(185, 77, 'Biển 2.', 'Đúng, biển tam giác viền đỏ với hình người đi bộ yêu cầu nhường đường.', 1),
(186, 77, 'Biển 3.', 'Sai, không phải biển nhường đường.', 0),
(187, 77, 'Biển 1 và 3.', 'Sai, chỉ biển 2 là đúng.', 0),
(188, 78, 'Biển 1.', 'Sai, không phải biển báo giao cắt đường sắt.', 0),
(189, 78, 'Biển 2.', 'Đúng, biển tam giác viền đỏ với hình đường sắt báo hiệu giao cắt.', 1),
(190, 78, 'Biển 3.', 'Sai, không phải biển báo giao cắt.', 0),
(191, 78, 'Biển 1 và 3.', 'Sai, chỉ biển 2 là đúng.', 0),
(192, 79, 'Biển 1.', 'Đúng, biển hình chữ nhật với hai mũi tên ngược chiều báo hiệu đường đôi.', 1),
(193, 79, 'Biển 2.', 'Sai, không phải biển đường đôi.', 0),
(194, 79, 'Biển 3.', 'Sai, không phải biển đường đôi.', 0),
(195, 80, 'Biển 1.', 'Đúng, biển mũi tên chỉ hướng cho phép rẽ.', 1),
(196, 80, 'Biển 2.', 'Sai, không phải biển cho phép rẽ.', 0),
(197, 80, 'Không biển nào.', 'Sai, biển 1 là đúng.', 0),
(198, 81, 'Biển 1.', 'Sai, không phải biển chỉ dẫn cầu vượt.', 0),
(199, 81, 'Biển 2.', 'Đúng, biển hình chữ nhật với hình cầu vượt chỉ dẫn cho người đi bộ.', 1),
(200, 81, 'Cả hai biển.', 'Sai, chỉ biển 2 là đúng.', 0),
(201, 81, 'Không biển nào.', 'Sai, biển 2 là đúng.', 0),
(202, 82, 'Phân chia hai chiều xe chạy ngược chiều nhau.', 'Đúng, vạch nét đứt hoặc liền phân chia hai chiều xe.', 1),
(203, 82, 'Phân chia các làn xe chạy cùng chiều nhau.', 'Sai, vạch này không dùng để phân làn cùng chiều.', 0),
(204, 83, 'Xe khách, xe tải, mô tô.', 'Sai, không phải tất cả đều vi phạm.', 0),
(205, 83, 'Xe tải, xe con, mô tô.', 'Đúng, các xe này đi sai làn hoặc hướng quy định.', 1),
(206, 83, 'Xe khách, xe con, mô tô.', 'Sai, xe khách có thể không vi phạm.', 0),
(207, 84, 'Xe con (A), mô tô, xe con (B), xe đạp.', 'Sai, không đúng quy tắc ưu tiên.', 0),
(208, 84, 'Xe con (B), xe đạp, mô tô, xe con (A).', 'Sai, không đúng quy tắc ưu tiên.', 0),
(209, 84, 'Xe con (A), xe con (B), mô tô + xe đạp.', 'Đúng, xe con (A) và (B) ưu tiên trước, mô tô và xe đạp đi sau.', 1),
(210, 84, 'Mô tô + xe đạp, xe con (A), xe con (B).', 'Sai, mô tô và xe đạp không ưu tiên trước.', 0),
(211, 85, 'Xe con (E), mô tô (C).', 'Sai, không phải các xe này vi phạm.', 0),
(212, 85, 'Xe tải (A), mô tô (D).', 'Đúng, xe tải (A) và mô tô (D) vi phạm quy tắc giao thông.', 1),
(213, 85, 'Xe khách (B), mô tô (C).', 'Sai, không phải các xe này vi phạm.', 0),
(214, 85, 'Xe khách (B), mô tô (D).', 'Sai, xe khách (B) không vi phạm.', 0),
(215, 86, 'Xe của bạn, mô tô, xe con.', 'Sai, không đúng quy tắc ưu tiên.', 0),
(216, 86, 'Xe con, xe của bạn, mô tô.', 'Đúng, xe con ưu tiên, sau đó đến xe của bạn và mô tô.', 1),
(217, 86, 'Mô tô, xe con, xe của bạn.', 'Sai, mô tô không ưu tiên trước xe con.', 0),
(218, 87, 'Dải phân cách gồm loại cố định và loại di động.', 'Đúng, dải phân cách được chia thành cố định (bê tông, thép) và di động (nhựa, cao su).', 1),
(219, 87, 'Dải phân cách gồm tường chống ồn, hộ lan cứng và hộ lan mềm.', 'Sai, đây là các loại hộ lan, không phải dải phân cách.', 0),
(220, 87, 'Dải phân cách gồm giá long môn và biển báo hiệu đường bộ.', 'Sai, giá long môn và biển báo không phải dải phân cách.', 0),
(221, 88, 'Là người điều khiển phương tiện tham gia giao thông tại nơi thi công, nơi ùn tắc giao thông, ở bến phà, tại cầu đường bộ đi chung với đường sắt.', 'Sai, người điều khiển phương tiện không phải người điều khiển giao thông.', 0),
(222, 88, 'Là cảnh sát giao thông, người được giao nhiệm vụ hướng dẫn giao thông tại nơi thi công, nơi ùn tắc giao thông, ở bến phà, tại cầu đường bộ đi chung với đường sắt.', 'Đúng, đây là định nghĩa chính xác về người điều khiển giao thông.', 1),
(223, 88, 'Là người tham gia giao thông tại nơi thi công, nơi ùn tắc giao thông, ở bến phà, tại cầu đường bộ đi chung với đường sắt.', 'Sai, người tham gia giao thông không phải người điều khiển giao thông.', 0),
(224, 89, 'Từ 22 giờ đêm đến 5 giờ sáng.', 'Sai, thời gian này cấm sử dụng còi trong khu đô thị.', 0),
(225, 89, 'Từ 5 giờ sáng đến 22 giờ tối.', 'Đúng, được phép sử dụng còi trong khung giờ này trừ nơi có biển cấm.', 1),
(226, 89, 'Từ 23 giờ đêm đến 5 giờ sáng hôm sau.', 'Sai, thời gian này cấm sử dụng còi.', 0),
(227, 90, 'Xe mô tô 2 bánh có dung tích xi-lanh từ 50 cm3 trở lên.', 'Sai, cần 18 tuổi để điều khiển xe từ 50 cm3 trở lên.', 0),
(228, 90, 'Xe gắn máy có dung tích xi-lanh dưới 50 cm3.', 'Đúng, người 16 tuổi được điều khiển xe dưới 50 cm3.', 1),
(229, 90, 'Xe ô tô tải dưới 3,5 tấn; xe chở người đến 9 chỗ ngồi.', 'Sai, cần 18 tuổi để điều khiển xe ô tô.', 0),
(230, 90, 'Tất cả các ý nêu trên.', 'Sai, chỉ xe dưới 50 cm3 là đúng.', 0),
(231, 91, 'Người tham gia giao thông ở các hướng phải dừng lại.', 'Đúng, hình 44.jpg thường là hiệu lệnh giơ tay ngang, yêu cầu tất cả dừng.', 1),
(232, 91, 'Người tham gia giao thông ở các hướng được đi theo chiều gậy chỉ của cảnh sát giao thông.', 'Sai, không phải hiệu lệnh cho phép đi.', 0),
(233, 91, 'Người tham gia giao thông ở phía trước và phía sau người điều khiển được đi tất cả các hướng; người tham gia giao thông ở phía bên phải và phía bên trái người điều khiển phải dừng lại.', 'Sai, không đúng với hiệu lệnh dừng.', 0),
(234, 91, 'Người tham gia giao thông ở phía trước và phía sau người điều khiển phải dừng lại; người tham giao thông ở phía bên phải và bên trái người điều khiển được đi tất cả các hướng.', 'Sai, hiệu lệnh yêu cầu tất cả dừng.', 0),
(235, 92, 'Nơi đường hẹp chỉ đủ cho một xe chạy và có chỗ tránh xe thì xe nào ở gần chỗ tránh hơn phải vào vị trí tránh, nhường đường cho xe kia đi.', 'Đúng, quy định nhường đường ở đường hẹp.', 0),
(236, 92, 'Xe xuống dốc phải nhường đường cho xe đang lên dốc; xe nào có chướng ngại vật phía trước phải nhường đường cho xe không có chướng ngại vật đi trước.', 'Đúng, quy định ưu tiên xe lên dốc và xe không có chướng ngại.', 0),
(237, 92, 'Xe lên dốc phải nhường đường cho xe xuống dốc; xe nào không có chướng ngại vật phía trước phải nhường đường cho xe có chướng ngại vật đi trước.', 'Sai, ngược với quy định.', 0),
(238, 92, 'Cả ý 1 và ý 2.', 'Đúng, cả hai ý đều đúng theo quy tắc nhường đường.', 1),
(239, 93, 'Đi vào phần đường dành cho người đi bộ và phương tiện khác; sử dụng ô, điện thoại di động, thiết bị âm thanh (trừ thiết bị trợ thính), đi xe dàn hàng ngang.', 'Đúng, các hành vi này bị cấm để đảm bảo an toàn.', 1),
(240, 93, 'Chở 02 người; trong đó, có người bệnh đi cấp cứu hoặc trẻ em dưới 14 tuổi hoặc áp giải người có hành vi vi phạm pháp luật.', 'Sai, các trường hợp này được phép chở thêm người.', 0),
(241, 93, 'Điều khiển phương tiện tham gia giao thông trên đường tỉnh lộ hoặc quốc lộ.', 'Sai, điều khiển trên tỉnh lộ hoặc quốc lộ là hợp pháp.', 0),
(242, 94, 'Là đoạn đường nằm trong khu công nghiệp có đông người và phương tiện tham gia giao thông và được xác định cụ thể bằng biển chỉ dẫn địa giới.', 'Sai, khu công nghiệp không phải khu đông dân cư.', 0),
(243, 94, 'Là đoạn đường bộ nằm trong khu vực nội thành phố, nội thị xã, nội thị trấn và những đoạn đường có đông dân cư sinh sống sát dọc theo đường, có các hoạt động ảnh hưởng đến an toàn giao thông; được xác định bằng biển báo hiệu là đường khu đông dân cư.', 'Đúng, đây là định nghĩa chính xác về đường khu đông dân cư.', 1),
(244, 94, 'Là đoạn đường nằm ngoài khu vực nội thành phố, nội thị xã có đông người và phương tiện tham gia giao thông và được xác định cụ thể bằng biển chỉ dẫn địa giới.', 'Sai, đường ngoài nội thành không phải khu đông dân cư.', 0),
(245, 95, 'Để làm đẹp.', 'Sai, mũ bảo hiểm không nhằm mục đích thẩm mỹ.', 0),
(246, 95, 'Để tránh mưa nắng.', 'Sai, đây không phải tác dụng chính.', 0),
(247, 95, 'Để giảm thiểu chấn thương vùng đầu.', 'Đúng, mũ bảo hiểm bảo vệ đầu khi xảy ra tai nạn.', 1),
(248, 95, 'Để các loại phương tiện khác dễ quan sát.', 'Sai, mũ không nhằm mục đích này.', 0),
(249, 96, 'Là sự hiểu biết và chấp hành nghiêm chỉnh pháp luật về giao thông; là ý thức trách nhiệm với cộng đồng khi tham gia giao thông.', 'Đúng, phản ánh đúng khía cạnh pháp luật và trách nhiệm.', 0),
(250, 96, 'Là ứng xử có văn hóa, có tình yêu thương con người trong các tình huống không may xảy ra khi tham gia giao thông.', 'Đúng, nhấn mạnh ứng xử văn minh.', 0),
(251, 96, 'Cả ý 1 và ý 2.', 'Đúng, văn hóa giao thông bao gồm cả hai khía cạnh trên.', 1),
(252, 97, 'Quan sát cẩn thận các chướng ngại vật và báo hiệu bằng còi, đèn; giảm tốc độ tới mức cần thiết, về số thấp và thực hiện quay vòng với tốc độ phù hợp với bán kính cong của đường vòng.', 'Đúng, quy trình này đảm bảo an toàn khi qua đường vòng.', 1),
(253, 97, 'Quan sát cẩn thận các chướng ngại vật và báo hiệu bằng còi, đèn; tăng tốc để nhanh chóng qua đường vòng, đạp ly hợp (côn) và giảm tốc độ sau khi qua đường vòng.', 'Sai, tăng tốc qua đường vòng là không an toàn.', 0),
(254, 98, 'Đứng thẳng trên giá gác chân lái sau đó hơi gập đầu gối và khuỷu tay, đi chậm để không nẩy quá mạnh.', 'Đúng, kỹ thuật này giúp giữ thăng bằng và giảm rung lắc.', 1),
(255, 98, 'Ngồi lùi lại phía sau, tăng ga vượt nhanh qua đoạn đường xóc.', 'Sai, tăng ga trên đường gồ ghề gây mất kiểm soát.', 0),
(256, 98, 'Ngồi lệch sang bên trái hoặc bên phải để lấy thăng bằng qua đoạn đường gồ ghề.', 'Sai, lệch người không phải kỹ thuật đúng.', 0),
(257, 99, 'Biển 1 và 2.', 'Sai, cần xác định đúng biển cấm rẽ trái.', 0),
(258, 99, 'Biển 1 và 3.', 'Sai, không phải cả hai đều cấm rẽ trái.', 0),
(259, 99, 'Biển 2 và 3.', 'Đúng, biển cấm rẽ trái là biển tròn viền đỏ với mũi tên rẽ trái (hình 108.jpg).', 1),
(260, 99, 'Cả ba biển.', 'Sai, không phải tất cả đều cấm rẽ trái.', 0),
(261, 100, 'Biển 1.', 'Sai, biển 1 có thể là biển cấm.', 0),
(262, 100, 'Biển 2.', 'Đúng, biển 2 (hình 116.jpg) thường cho phép xe thô sơ như xích lô.', 1),
(263, 100, 'Biển 3.', 'Sai, biển 3 có thể là biển cấm hoặc khác.', 0),
(264, 100, 'Biển 1 và biển 2.', 'Sai, chỉ biển 2 là đúng.', 0),
(265, 101, 'Biển 1.', 'Đúng, biển 1 (hình 124.jpg) là biển chỉ đường dành cho người đi bộ, cấm xe.', 1),
(266, 101, 'Biển 1 và 3.', 'Sai, chỉ biển 1 là đúng.', 0),
(267, 101, 'Biển 3.', 'Sai, biển 3 không chỉ đường cho người đi bộ.', 0),
(268, 101, 'Cả ba biển.', 'Sai, chỉ biển 1 là đúng.', 0),
(269, 102, 'Biển 1 và 2.', 'Sai, không phải cả hai đều báo hiệu ưu tiên.', 0),
(270, 102, 'Biển 1 và 3.', 'Đúng, biển 1 và 3 (hình 132.jpg) báo hiệu đường ưu tiên qua giao lộ.', 1),
(271, 102, 'Biển 2 và 3.', 'Sai, biển 2 không báo hiệu ưu tiên.', 0),
(272, 102, 'Cả ba biển.', 'Sai, chỉ biển 1 và 3 là đúng.', 0),
(273, 103, 'Biển 1.', 'Đúng, biển 1 (hình 140.jpg) là biển tam giác viền đỏ báo hiệu giao nhau với đường hai chiều.', 1),
(274, 103, 'Biển 2.', 'Sai, biển 2 không báo hiệu đường hai chiều.', 0),
(275, 103, 'Biển 3.', 'Sai, biển 3 không báo hiệu đường hai chiều.', 0),
(276, 104, 'Biển 1.', 'Đúng, biển 1 (hình 148.jpg) là biển tròn xanh với mũi tên thẳng, bắt buộc đi thẳng.', 1),
(277, 104, 'Biển 2.', 'Sai, biển 2 không báo hiệu đi thẳng.', 0),
(278, 105, 'Biển 1.', 'Sai, biển 1 không chỉ dẫn hầm chui.', 0),
(279, 105, 'Biển 2.', 'Đúng, biển 2 (hình 156.jpg) là biển chữ nhật xanh chỉ dẫn hầm chui cho người đi bộ.', 1),
(280, 105, 'Cả hai biển.', 'Sai, chỉ biển 2 là đúng.', 0),
(281, 105, 'Không biển nào.', 'Sai, biển 2 là đúng.', 0),
(282, 106, 'Vạch 1.', 'Đúng, vạch nét đứt (hình 164.jpg) cho phép đè khi vượt hoặc chuyển làn.', 1),
(283, 106, 'Vạch 2.', 'Sai, vạch liền cấm đè.', 0),
(284, 106, 'Vạch 3.', 'Sai, vạch kép liền cấm đè.', 0),
(285, 106, 'Vạch 1 và vạch 3.', 'Sai, chỉ vạch 1 là đúng.', 0),
(286, 107, 'Xe khách, xe tải, mô tô, xe con.', 'Sai, không đúng quy tắc ưu tiên.', 0),
(287, 107, 'Xe con, xe khách, xe tải, mô tô.', 'Đúng, xe con và xe khách ưu tiên, theo hình 172.jpg.', 1),
(288, 107, 'Mô tô, xe tải, xe khách, xe con.', 'Sai, mô tô không ưu tiên trước.', 0),
(289, 107, 'Mô tô, xe tải, xe con, xe khách.', 'Sai, không đúng quy tắc.', 0),
(290, 108, 'Mô tô.', 'Sai, xe con thường ưu tiên hơn mô tô (hình 180.jpg).', 0),
(291, 108, 'Xe con.', 'Đúng, xe con được ưu tiên theo quy tắc giao thông.', 1),
(292, 109, 'Xe con (B), mô tô (C).', 'Sai, không phải các xe này vi phạm.', 0),
(293, 109, 'Xe con (A), mô tô (C).', 'Đúng, xe con (A) và mô tô (C) vi phạm (hình 188.jpg).', 1),
(294, 109, 'Xe con (E), mô tô (D).', 'Sai, không phải các xe này vi phạm.', 0),
(295, 109, 'Tất cả các loại xe trên.', 'Sai, chỉ xe con (A) và mô tô (C) vi phạm.', 0),
(296, 110, 'Xe của bạn, mô tô, xe con.', 'Sai, không đúng quy tắc ưu tiên.', 0),
(297, 110, 'Xe con, xe của bạn, mô tô.', 'Đúng, xe con ưu tiên, theo hình 196.jpg.', 1),
(298, 110, 'Mô tô, xe con, xe của bạn.', 'Sai, mô tô không ưu tiên trước xe con.', 0),
(299, 111, 'Là người điều khiển xe cơ giới.', 'Người lái xe là người điều khiển xe cơ giới, không bao gồm xe thô sơ hoặc súc vật kéo.', 1),
(300, 111, 'Là người điều khiển xe thô sơ.', 'Xe thô sơ không được tính là xe do người lái xe điều khiển trong ngữ cảnh này.', 0),
(301, 111, 'Là người điều khiển xe có súc vật kéo.', 'Xe súc vật kéo không thuộc phạm vi người lái xe.', 0),
(302, 112, 'Là trạng thái đứng yên của phương tiện giao thông không giới hạn thời gian để cho người lên, xuống phương tiện, xếp dỡ hàng hóa hoặc thực hiện công việc khác.', 'Dừng xe phải có giới hạn thời gian, không phải không giới hạn.', 0),
(303, 112, 'Là trạng thái đứng yên tạm thời của phương tiện giao thông trong một khoảng thời gian cần thiết đủ để cho người lên, xuống phương tiện, xếp dỡ hàng hóa hoặc thực hiện công việc khác.', 'Dừng xe là trạng thái đứng yên tạm thời, đúng với quy định.', 1),
(304, 112, 'Là trạng thái đứng yên của phương tiện giao thông không giới hạn thời gian giữa 02 lần vận chuyển hàng hoá hoặc hành khách.', 'Đây là định nghĩa sai, không phù hợp với khái niệm dừng xe.', 0),
(305, 113, 'Bất cứ đèn nào miễn là mắt nhìn rõ phía trước.', 'Sử dụng đèn tùy tiện là sai quy định.', 0),
(306, 113, 'Chỉ bật đèn chiếu xa (đèn pha) khi không nhìn rõ đường.', 'Đèn pha không được sử dụng trong khu đô thị đông dân cư.', 0),
(307, 113, 'Đèn chiếu xa (đèn pha) khi đường vắng, đèn pha chiếu gần (đèn cốt) khi có xe đi ngược chiều.', 'Đèn pha không được sử dụng trong khu đô thị.', 0),
(308, 113, 'Đèn chiếu gần (đèn cốt).', 'Trong khu đô thị, phải sử dụng đèn cốt để đảm bảo an toàn.', 1),
(309, 114, 'Xe mô tô có dung tích xi-lanh 125 cm3.', 'GPLX A1 cho phép điều khiển xe dưới 175 cm3.', 0),
(310, 114, 'Xe mô tô có dung tích xi-lanh từ 175 cm3 trở lên.', 'GPLX A1 không cho phép điều khiển xe từ 175 cm3 trở lên.', 1),
(311, 114, 'Xe mô tô có dung tích xi-lanh 100 cm3.', 'GPLX A1 cho phép điều khiển xe 100 cm3.', 0),
(312, 115, 'Người tham gia giao thông ở hướng đối diện cảnh sát giao thông được đi, các hướng khác cần phải dừng lại.', 'Hiệu lệnh này yêu cầu tất cả dừng, không chỉ hướng đối diện.', 0),
(313, 115, 'Người tham gia giao thông được rẽ phải theo chiều mũi tên màu xanh ở bục cảnh sát giao thông.', 'Hiệu lệnh không cho phép rẽ phải theo mũi tên.', 0),
(314, 115, 'Người tham gia giao thông ở các hướng đều phải dừng lại trừ các xe đã ở trong khu vực giao nhau.', 'Hiệu lệnh yêu cầu tất cả các hướng dừng, trừ xe đã vào giao lộ.', 1),
(315, 115, 'Người ở hướng đối diện cảnh sát giao thông phải dừng lại, các hướng khác được đi trong đó có bạn.', 'Hiệu lệnh không cho phép các hướng khác đi.', 0),
(316, 116, 'Tiếp tục đi vì xe lên dốc phải nhường đường cho mình.', 'Xe xuống dốc phải nhường đường cho xe lên dốc.', 0),
(317, 116, 'Nhường đường cho xe lên dốc.', 'Trên đường hẹp, xe xuống dốc phải nhường đường cho xe lên dốc.', 1),
(318, 116, 'Chỉ nhường đường khi xe lên dốc nháy đèn.', 'Không cần nháy đèn, xe xuống dốc phải nhường đường.', 0),
(319, 117, '50 km/h.', 'Tốc độ tối đa cho xe gắn máy là 40 km/h.', 0),
(320, 117, '40 km/h.', 'Quy định tốc độ tối đa cho xe gắn máy và xe máy chuyên dùng là 40 km/h.', 1),
(321, 117, '60 km/h.', 'Tốc độ 60 km/h vượt quá giới hạn cho xe gắn máy.', 0),
(322, 118, 'Tăng tốc độ qua đường giao nhau để đi trước xe đi trên đường ưu tiên.', 'Tăng tốc để đi trước xe ưu tiên là sai quy định.', 0),
(323, 118, 'Giảm tốc độ qua đường giao nhau để đi trước xe đi trên đường ưu tiên.', 'Giảm tốc nhưng đi trước xe ưu tiên là sai.', 0),
(324, 118, 'Nhường đường cho xe đi trên đường ưu tiên từ bất kỳ hướng nào tới.', 'Phải nhường đường cho xe trên đường ưu tiên.', 1),
(325, 119, 'Điều khiển xe đi bên phải theo chiều đi của mình; đi đúng phần đường, làn đường quy định; đội mũ bảo hiểm đạt chuẩn, cài quai đúng quy cách.', 'Đây là hành vi thể hiện văn hóa giao thông.', 1),
(326, 119, 'Điều khiển xe đi trên phần đường, làn đường có ít phương tiện tham gia giao thông.', 'Đi trên làn ít phương tiện không đảm bảo đúng quy định.', 0),
(327, 119, 'Điều khiển xe và đội mũ bảo hiểm ở nơi có biển báo bắt buộc đội mũ bảo hiểm.', 'Mũ bảo hiểm phải đội mọi lúc, không chỉ nơi có biển báo.', 0),
(328, 120, 'Sử dụng phanh trước.', 'Chỉ sử dụng phanh trước không đạt hiệu quả cao nhất.', 0),
(329, 120, 'Sử dụng phanh sau.', 'Chỉ sử dụng phanh sau không đạt hiệu quả cao nhất.', 0),
(330, 120, 'Giảm hết ga; sử dụng đồng thời cả phanh sau và phanh trước.', 'Kỹ thuật phanh hiệu quả nhất là giảm ga và dùng cả hai phanh.', 1),
(331, 121, 'Biển 1.', 'Biển 1 có thể là biển cấm xe gắn máy.', 0),
(332, 121, 'Biển 2.', 'Biển 2 cho phép xe gắn máy đi vào, thường là biển chỉ dẫn.', 1),
(333, 121, 'Cả 2 biển.', 'Chỉ biển 2 cho phép xe gắn máy.', 0),
(334, 122, 'Biển 1.', 'Biển 1 thường là biển cấm rẽ trái.', 0),
(335, 122, 'Biển 2.', 'Biển tròn, nền xanh, mũi tên rẽ trái cho phép rẽ trái.', 1),
(336, 122, 'Không biển nào.', 'Biển 2 cho phép rẽ trái.', 0),
(337, 123, 'Biển 1.', 'Biển 1 có thể là biển cấm xe lam, xích lô máy.', 0),
(338, 123, 'Biển 2.', 'Biển 2 cho phép xe lam, xích lô máy đi vào.', 1),
(339, 123, 'Biển 3.', 'Biển 3 có thể là biển cấm hoặc không liên quan.', 0),
(340, 124, 'Biển 1.', 'Biển chữ nhật, nền xanh, ký hiệu xe thô sơ báo hiệu đường dành cho xe thô sơ.', 1),
(341, 124, 'Biển 2.', 'Biển 2 không phải biển đường dành cho xe thô sơ.', 0),
(342, 124, 'Biển 3.', 'Biển 3 không phải biển đường dành cho xe thô sơ.', 0),
(343, 125, 'Biển 1.', 'Biển tam giác, viền đỏ, ký hiệu đường giao nhau báo hiệu đường không ưu tiên.', 1),
(344, 125, 'Biển 2.', 'Biển 2 không phải biển giao nhau với đường không ưu tiên.', 0),
(345, 125, 'Biển 3.', 'Biển 3 không phải biển giao nhau với đường không ưu tiên.', 0),
(346, 125, 'Biển 2 và 3.', 'Chỉ biển 1 là đúng.', 0),
(347, 126, 'Biển 1.', 'Biển chữ nhật, nền xanh, ký hiệu hai mũi tên đối nhau báo hiệu đường hai chiều.', 1),
(348, 126, 'Biển 2.', 'Biển 2 không phải biển đường hai chiều.', 0),
(349, 126, 'Biển 3.', 'Biển 3 không phải biển đường hai chiều.', 0),
(350, 127, 'Biển 1.', 'Biển tròn, nền xanh, mũi tên chỉ một hướng báo hiệu đường một chiều.', 1),
(351, 127, 'Biển 2.', 'Biển 2 không phải biển đường một chiều.', 0),
(352, 127, 'Cả hai biển.', 'Chỉ biển 1 là đúng.', 0),
(353, 128, 'Biển 1.', 'Biển 1 không phải biển đỗ xe cho người tàn tật.', 0),
(354, 128, 'Biển 2.', 'Biển chữ nhật, nền xanh, ký hiệu người tàn tật báo hiệu nơi đỗ xe cho người tàn tật.', 1),
(355, 128, 'Biển 3.', 'Biển 3 không phải biển đỗ xe cho người tàn tật.', 0),
(356, 129, 'Vị trí dừng xe của các phương tiện vận tải hành khách công cộng.', 'Vạch vàng đánh dấu khu vực dừng xe buýt.', 1),
(357, 129, 'Báo cho người điều khiển được dừng phương tiện trong phạm vi phần mặt đường có bố trí vạch để tránh ùn tắc giao thông.', 'Vạch này không nhằm tránh ùn tắc.', 0),
(358, 129, 'Dùng để xác định vị trí giữa các phương tiện trên đường.', 'Vạch này không dùng để xác định vị trí giữa các phương tiện.', 0),
(359, 130, 'Xe tải.', 'Dựa trên hình, xe tải đỗ sai quy định, ví dụ trên vạch kẻ đường.', 1),
(360, 130, 'Xe con và mô tô.', 'Xe con và mô tô không vi phạm dựa trên hình.', 0),
(361, 130, 'Cả ba xe.', 'Chỉ xe tải vi phạm.', 0),
(362, 130, 'Xe con và xe tải.', 'Chỉ xe tải vi phạm, không phải xe con.', 0),
(363, 131, 'Xe khách.', 'Dựa trên hình, xe khách vi phạm, ví dụ vượt sai làn.', 1),
(364, 131, 'Mô tô.', 'Mô tô không vi phạm dựa trên hình.', 0),
(365, 131, 'Xe con.', 'Xe con không vi phạm dựa trên hình.', 0),
(366, 131, 'Xe con và mô tô.', 'Chỉ xe khách vi phạm.', 0),
(367, 132, 'Cho phép.', 'Có thể có vạch liền hoặc điều kiện không an toàn, không được vượt.', 0),
(368, 132, 'Không được vượt.', 'Dựa trên hình, điều kiện không cho phép vượt.', 1),
(369, 133, 'Tăng tốc độ, rẽ phải trước xe tải và xe đạp.', 'Tăng tốc và rẽ trước là không an toàn.', 0),
(370, 133, 'Giảm tốc độ, rẽ phải sau xe tải và xe đạp.', 'Nhường đường cho xe tải và xe đạp trước khi rẽ là an toàn.', 1),
(371, 133, 'Tăng tốc độ, rẽ phải trước xe đạp.', 'Tăng tốc và rẽ trước xe đạp là không an toàn.', 0),
(372, 134, 'Đường không ưu tiên.', 'Đường không ưu tiên phải nhường đường cho các hướng khác.', 0),
(373, 134, 'Đường tỉnh lộ.', 'Đường tỉnh lộ không phải lúc nào cũng là đường ưu tiên.', 0),
(374, 134, 'Đường quốc lộ.', 'Đường quốc lộ không tự động là đường ưu tiên.', 0),
(375, 134, 'Đường ưu tiên.', 'Đường ưu tiên được xe từ hướng khác nhường đường, có biển báo hiệu.', 1),
(376, 135, 'Là trạng thái đứng yên của phương tiện giao thông có giới hạn trong một khoảng thời gian cần thiết đủ để cho người lên, xuống phương tiện đó, xếp dỡ hàng hóa hoặc thực hiện công việc khác.', 'Đây là định nghĩa của dừng xe, không phải đỗ xe.', 0),
(377, 135, 'Là trạng thái đứng yên của phương tiện giao thông không giới hạn thời gian.', 'Đỗ xe là trạng thái đứng yên không giới hạn thời gian.', 1),
(378, 136, 'Phải đảm bảo phụ tùng do đúng nhà sản xuất đó cung cấp.', 'Phụ tùng từ nhà sản xuất không đủ để đảm bảo hợp pháp.', 0),
(379, 136, 'Phải được chấp thuận của cơ quan có thẩm quyền.', 'Cần sự chấp thuận của cơ quan có thẩm quyền để lắp đặt thiết bị không đúng thiết kế.', 1),
(380, 136, 'Phải là xe đăng ký và hoạt động tại các khu vực có địa hình phức tạp.', 'Địa hình phức tạp không phải yêu cầu để lắp đặt thiết bị.', 0),
(381, 137, 'Xe mô tô hai bánh có dung tích xi-lanh từ 50 cm3 đến dưới 175 cm3.', 'GPLX A1 cho phép điều khiển xe này.', 0),
(382, 137, 'Xe mô tô ba bánh dùng cho người khuyết tật.', 'GPLX A1 cũng cho phép điều khiển xe này.', 0),
(383, 137, 'Cả ý 1 và ý 2.', 'GPLX A1 cho phép điều khiển cả hai loại xe trên.', 1),
(384, 138, 'Biển báo hiệu cố định.', 'Báo hiệu tạm thời có ưu tiên cao hơn.', 0),
(385, 138, 'Báo hiệu tạm thời.', 'Báo hiệu tạm thời được ưu tiên khi có mâu thuẫn với biển cố định.', 1),
(386, 139, 'Nhường đường cho xe đi ở bên phải mình tới.', 'Nhường đường bên phải không áp dụng khi có đường ưu tiên.', 0),
(387, 139, 'Nhường đường cho xe đi ở bên trái mình tới.', 'Nhường đường bên trái không áp dụng khi có đường ưu tiên.', 0),
(388, 139, 'Nhường đường cho xe đi trên đường ưu tiên hoặc đường chính từ bất kỳ hướng nào tới.', 'Phải nhường đường cho xe trên đường ưu tiên.', 1),
(389, 140, 'Khi có báo hiệu cảnh báo nguy hiểm hoặc có chướng ngại vật trên đường; khi chuyển hướng xe chạy hoặc tầm nhìn bị hạn chế; khi qua nơi đường giao nhau, nơi đường bộ giao nhau với đường sắt; đường vòng; đường có địa hình quanh co, đèo dốc.', 'Những trường hợp này yêu cầu giảm tốc độ.', 0),
(390, 140, 'Khi qua cầu, cống hẹp; khi lên gần đỉnh dốc, khi xuống dốc, khi qua trường học, khu đông dân cư, khu vực đang thi công trên đường bộ; hiện trường xảy ra tai nạn giao thông.', 'Những trường hợp này cũng yêu cầu giảm tốc độ.', 0),
(391, 140, 'Khi điều khiển xe vượt xe khác trên quốc lộ, đường cao tốc.', 'Vượt xe không yêu cầu giảm tốc độ dưới tốc độ tối đa.', 0),
(392, 140, 'Cả ý 1 và ý 2.', 'Cả hai trường hợp đều yêu cầu giảm tốc độ để đảm bảo an toàn.', 1),
(393, 141, '60 km/h.', 'Tốc độ tối đa cho xe mô tô trong khu đông dân cư, đường đôi là 60 km/h.', 1),
(394, 141, '50 km/h.', 'Tốc độ 50 km/h áp dụng cho trường hợp khác, ví dụ đường không có dải phân cách.', 0),
(395, 141, '40 km/h.', 'Tốc độ 40 km/h áp dụng cho xe gắn máy, không phải xe mô tô.', 0),
(396, 142, 'Điều khiển xe đi bên phải theo chiều đi của mình; đi đúng phần đường, làn đường quy định; dừng, đỗ xe đúng nơi quy định; đã uống rượu, bia thì không lái xe.', 'Đây là hành vi thể hiện văn hóa giao thông.', 1),
(397, 142, 'Điều khiển xe đi trên phần đường, làn đường có ít phương tiện giao thông; dừng xe, đỗ xe ở nơi thuận tiện hoặc theo yêu cầu của hành khách, của người thân.', 'Đi trên làn ít phương tiện hoặc dừng đỗ không đúng nơi là sai.', 0),
(398, 142, 'Dừng và đỗ xe ở nơi thuận tiện cho việc chuyên chở hành khách và giao nhận hàng hóa; sử dụng ít rượu, bia thì có thể lái xe.', 'Dừng đỗ không đúng nơi và lái xe sau khi uống rượu bia là vi phạm.', 0),
(399, 143, 'Giảm tốc độ để đảm bảo an toàn với xe phía trước và sử dụng điện thoại để liên lạc.', 'Sử dụng điện thoại khi lái xe là vi phạm.', 0),
(400, 143, 'Giảm tốc độ để dừng xe ở nơi cho phép dừng xe sau đó sử dụng điện thoại để liên lạc.', 'Phải dừng xe đúng nơi quy định để sử dụng điện thoại.', 1),
(401, 143, 'Tăng tốc độ để cách xa xe phía sau và sử dụng điện thoại để liên lạc.', 'Tăng tốc và dùng điện thoại là vi phạm.', 0),
(402, 144, 'Biển 1.', 'Biển tròn, viền đỏ, ký hiệu xe mô tô cấm xe mô tô hai bánh.', 1),
(403, 144, 'Biển 2.', 'Biển 2 không phải biển cấm xe mô tô.', 0),
(404, 144, 'Biển 3.', 'Biển 3 không phải biển cấm xe mô tô.', 0),
(405, 145, 'Biển 1.', 'Biển 1 có thể là biển cấm quay đầu.', 0),
(406, 145, 'Biển 2.', 'Biển 2 không cấm quay đầu, ví dụ là biển chỉ dẫn.', 1),
(407, 145, 'Cả hai biển.', 'Chỉ biển 2 cho phép quay đầu.', 0),
(408, 146, 'Tốc độ tối đa cho phép về ban đêm cho các phương tiện là 70 km/h.', 'Biển báo tốc độ tối đa ghi rõ giới hạn 70 km/h.', 1),
(409, 146, 'Tốc độ tối thiểu cho phép về ban đêm cho các phương tiện là 70 km/h.', 'Biển này không quy định tốc độ tối thiểu.', 0),
(410, 147, 'Biển 1.', 'Biển tam giác, viền đỏ, ký hiệu giao nhau báo hiệu chỗ giao nhau nguy hiểm.', 1),
(411, 147, 'Biển 1 và 2.', 'Chỉ biển 1 là đúng.', 0),
(412, 147, 'Biển 2 và 3.', 'Biển 2 và 3 không phải biển giao nhau nguy hiểm.', 0),
(413, 147, 'Cả ba biển.', 'Chỉ biển 1 là đúng.', 0),
(414, 148, 'Biển 1 và 3.', 'Biển 1 và 3 không phải biển giao nhau với đường ưu tiên.', 0),
(415, 148, 'Biển 2.', 'Biển tam giác, viền đỏ, ký hiệu đường ưu tiên báo hiệu giao nhau với đường ưu tiên.', 1),
(416, 148, 'Biển 3.', 'Biển 3 không phải biển giao nhau với đường ưu tiên.', 0),
(417, 149, 'Biển 1.', 'Biển 1 không phải biển giao nhau với đường hai chiều.', 0),
(418, 149, 'Biển 2.', 'Biển tam giác, viền đỏ, ký hiệu hai mũi tên đối nhau báo hiệu đường hai chiều.', 1),
(419, 149, 'Biển 3.', 'Biển 3 không phải biển giao nhau với đường hai chiều.', 0),
(420, 150, 'Biển 1.', 'Biển 1 không phải biển hết tốc độ tối đa.', 0),
(421, 150, 'Biển 2.', 'Biển tròn, viền đen, nền trắng, gạch chéo số tốc độ là biển hết tốc độ tối đa.', 1),
(422, 150, 'Biển 3.', 'Biển 3 không phải biển hết tốc độ tối đa.', 0),
(423, 150, 'Cả ba biển.', 'Chỉ biển 2 là đúng.', 0),
(424, 151, 'Dừng xe tại khu vực có trạm Cảnh sát giao thông.', 'Biển này không yêu cầu dừng xe tại trạm CSGT.', 0),
(425, 151, 'Tiếp tục lưu thông với tốc độ bình thường.', 'Biển yêu cầu giảm tốc và cấm vượt, không được đi tốc độ bình thường.', 0),
(426, 151, 'Phải giảm tốc độ đến mức an toàn và không được vượt khi đi qua khu vực này.', 'Biển báo khu vực nguy hiểm yêu cầu giảm tốc và cấm vượt.', 1),
(427, 152, 'Xe tải, xe khách, xe con, mô tô.', 'Thứ tự này không đúng theo ưu tiên giao thông.', 0),
(428, 152, 'Xe tải, mô tô, xe khách, xe con.', 'Thứ tự này không đúng theo ưu tiên giao thông.', 0),
(429, 152, 'Xe khách, xe tải, xe con, mô tô.', 'Thứ tự này không đúng theo ưu tiên giao thông.', 0),
(430, 152, 'Mô tô, xe khách, xe tải, xe con.', 'Dựa trên hình, thứ tự này đúng theo ưu tiên giao thông.', 1),
(431, 153, 'Cả ba hướng.', 'Hướng 2 có thể bị cấm bởi biển báo hoặc vạch kẻ đường.', 0),
(432, 153, 'Chỉ hướng 1 và 3.', 'Dựa trên hình, xe gắn máy chỉ được đi hướng 1 và 3.', 1),
(433, 153, 'Chỉ hướng 1.', 'Hướng 3 cũng được phép.', 0),
(434, 154, 'Các xe ở phía tay phải và tay trái của người điều khiển được phép đi thẳng.', 'Tín hiệu giao thông không cho phép đi thẳng.', 0),
(435, 154, 'Cho phép các xe ở mọi hướng được rẽ phải.', 'Tín hiệu giao thông không cho phép rẽ phải.', 0),
(436, 154, 'Tất cả các xe phải dừng lại trước ngã tư, trừ những xe đã ở trong ngã tư được phép tiếp tục đi.', 'Dựa trên hình, tín hiệu yêu cầu tất cả xe dừng lại.', 1),
(437, 155, 'Xe mô tô.', 'Xe mô tô không vi phạm dựa trên tín hiệu đèn.', 0),
(438, 155, 'Xe ô tô con.', 'Dựa trên hình, xe ô tô con vi phạm tín hiệu đèn, ví dụ đi khi đèn đỏ.', 1),
(439, 155, 'Không xe nào vi phạm.', 'Xe ô tô con vi phạm tín hiệu đèn.', 0),
(440, 155, 'Cả 2 xe.', 'Chỉ xe ô tô con vi phạm.', 0),
(441, 156, 'Xe con.', 'Dựa trên hình, xe con dừng đúng quy định, ví dụ trên vạch dừng.', 1),
(442, 156, 'Xe mô tô.', 'Xe mô tô không dừng đúng quy định.', 0),
(443, 156, 'Cả 2 xe đều đúng.', 'Chỉ xe con dừng đúng quy định.', 0),
(444, 157, 'Gồm xe ô tô; máy kéo; xe mô tô hai bánh; xe mô tô ba bánh; xe gắn máy; xe cơ giới dùng cho người khuyết tật và xe máy chuyên dùng.', 'Định nghĩa này thiếu rơ moóc và sơ mi rơ moóc.', 0),
(445, 157, 'Gồm xe ô tô; máy kéo; rơ moóc hoặc sơ mi rơ moóc được kéo bởi xe ô tô, máy kéo; xe mô tô hai bánh; xe mô tô ba bánh, xe gắn máy (kể cả xe máy điện) và các loại xe tương tự.', 'Đây là định nghĩa đầy đủ và chính xác về phương tiện giao thông cơ giới.', 1),
(446, 158, 'Biển báo nguy hiểm.', 'Biển nguy hiểm là tam giác, viền đỏ, không phải tròn.', 0),
(447, 158, 'Biển báo cấm.', 'Biển tròn, viền đỏ, nền trắng, có hình vẽ hoặc chữ số màu đen là biển báo cấm.', 1),
(448, 158, 'Biển báo hiệu lệnh.', 'Biển hiệu lệnh là tròn, nền xanh, chữ trắng.', 0),
(449, 158, 'Biển báo chỉ dẫn.', 'Biển chỉ dẫn là vuông hoặc chữ nhật, nền xanh.', 0),
(450, 159, 'Cho xe đi trên bất kỳ làn đường nào hoặc giữa 02 làn đường nếu không có xe phía trước; khi cần thiết phải chuyển làn đường, người lái xe phải quan sát xe phía trước để bảo đảm an toàn.', 'Đi giữa hai làn hoặc không đúng làn là sai quy định.', 0),
(451, 159, 'Phải cho xe đi trong một làn đường và chỉ được chuyển làn đường ở những nơi cho phép; khi chuyển làn phải có tín hiệu báo trước và phải bảo đảm an toàn.', 'Quy tắc yêu cầu đi đúng làn và chuyển làn an toàn.', 1),
(452, 159, 'Phải cho xe đi trong một làn đường, khi cần thiết phải chuyển làn đường, người lái xe phải quan sát xe phía trước để bảo đảm an toàn.', 'Thiếu tín hiệu báo trước khi chuyển làn là không đầy đủ.', 0),
(453, 160, 'Phải nhường đường cho xe đi đến từ bên phải.', 'Xe từ bên phải được ưu tiên tại giao nhau không có vòng xuyến.', 1),
(454, 160, 'Xe báo hiệu xin đường trước xe đó được đi trước.', 'Xin đường không đảm bảo ưu tiên tại giao nhau.', 0),
(455, 160, 'Phải nhường đường cho xe đi đến từ bên trái.', 'Xe từ bên trái không được ưu tiên.', 0),
(456, 161, 'Nhường đường cho người đi bộ đang đi trên phần đường dành cho người đi bộ sang đường; nhường đường cho xe đi trên đường ưu tiên, đường chính từ bất kỳ hướng nào tới; nhường đường cho xe ưu tiên, xe đi từ bên phải đến.', 'Đây là quy tắc nhường đường đúng tại ngã ba, ngã tư.', 1),
(457, 161, 'Nhường đường cho người đi bộ đang đứng chờ đi qua phần đường dành cho người đi bộ sang đường; nhường đường cho xe đi trên đường ngược chiều, đường nhánh từ bất kỳ hướng nào tới; nhường đường cho xe đi từ bên trái đến.', 'Nhường đường cho người đi bộ đứng chờ hoặc xe từ bên trái là sai.', 0),
(458, 161, 'Không phải nhường đường.', 'Phải nhường đường trong các trường hợp trên.', 0);
INSERT INTO `answers` (`answer_id`, `question_id`, `answer_text`, `explanation`, `is_correct`) VALUES
(459, 162, '60 km/h.', 'Tốc độ 60 km/h áp dụng cho đường có dải phân cách.', 0),
(460, 162, '50 km/h.', 'Tốc độ tối đa cho xe mô tô trên đường không có dải phân cách là 50 km/h.', 1),
(461, 162, '40 km/h.', 'Tốc độ 40 km/h áp dụng cho xe gắn máy.', 0),
(462, 163, 'Đỏ - Vàng - Xanh.', 'Tín hiệu đèn giao thông gồm 3 màu đỏ, vàng, xanh.', 1),
(463, 163, 'Cam - Vàng - Xanh.', 'Không có tín hiệu đèn màu cam.', 0),
(464, 163, 'Vàng - Xanh dương - Xanh lá.', 'Không có tín hiệu đèn màu xanh dương hoặc xanh lá.', 0),
(465, 163, 'Đỏ - Cam - Xanh.', 'Không có tín hiệu đèn màu cam.', 0),
(466, 164, 'Thực hiện sơ cứu ban đầu trong trường hợp khẩn cấp; thông báo vụ tai nạn đến cơ quan thi hành pháp luật.', 'Đây là hành động đúng khi xảy ra tai nạn.', 1),
(467, 164, 'Nhanh chóng lái xe gây tai nạn hoặc đi nhờ xe khác ra khỏi hiện trường vụ tai nạn.', 'Bỏ trốn khỏi hiện trường là vi phạm.', 0),
(468, 164, 'Cả ý 1 và ý 2.', 'Ý 2 là sai, nên không thể chọn cả hai.', 0),
(469, 165, 'Sử dụng còi.', 'Sử dụng còi đúng cách không gây nguy hiểm.', 0),
(470, 165, 'Phanh đồng thời cả phanh trước và phanh sau.', 'Phanh đồng thời là kỹ thuật an toàn.', 0),
(471, 165, 'Chỉ sử dụng phanh trước.', 'Chỉ dùng phanh trước dễ gây mất cân bằng và tai nạn.', 1),
(472, 166, 'Không biển nào.', 'Có biển cho phép xe mô tô đi vào.', 0),
(473, 166, 'Biển 1 và 2.', 'Biển 1 có thể là biển cấm xe mô tô.', 0),
(474, 166, 'Biển 2 và 3.', 'Biển 2 và 3 không cấm xe mô tô, ví dụ là biển chỉ dẫn.', 1),
(475, 166, 'Cả 3 biển.', 'Biển 1 có thể cấm xe mô tô.', 0),
(476, 167, 'Biển 1.', 'Biển 1 có thể là biển cấm quay đầu hoặc rẽ trái.', 0),
(477, 167, 'Biển 2.', 'Biển cấm rẽ trái nhưng cho phép quay đầu, ví dụ hình tròn, viền đỏ.', 1),
(478, 167, 'Cả hai biển.', 'Chỉ biển 2 là đúng.', 0),
(479, 168, 'Được phép.', 'Biển cấm bấm còi áp dụng trong đoạn đường 500 m.', 0),
(480, 168, 'Không được phép.', 'Biển cấm bấm còi trong đoạn đường 500 m từ nơi đặt biển.', 1),
(481, 169, 'Biển 1.', 'Biển tam giác, viền đỏ, ký hiệu đường sắt và rào chắn là đúng.', 1),
(482, 169, 'Biển 2 và 3.', 'Biển 2 và 3 không phải biển giao nhau với đường sắt có rào chắn.', 0),
(483, 169, 'Biển 3.', 'Biển 3 không phải biển giao nhau với đường sắt có rào chắn.', 0),
(484, 170, 'Biển 1 và 2.', 'Biển tam giác, viền đỏ, ký hiệu đường hẹp dần là biển báo đường thu hẹp.', 1),
(485, 170, 'Biển 1 và 3.', 'Biển 3 không phải biển đường thu hẹp.', 0),
(486, 170, 'Biển 2 và 3.', 'Biển 3 không phải biển đường thu hẹp.', 0),
(487, 170, 'Cả ba biển.', 'Chỉ biển 1 và 2 là đúng.', 0),
(488, 171, 'Biển 1.', 'Biển tam giác, viền đỏ, ký hiệu chướng ngại vật là biển chú ý chướng ngại vật.', 1),
(489, 171, 'Biển 2 và 3.', 'Biển 2 và 3 không phải biển chú ý chướng ngại vật.', 0),
(490, 171, 'Cả ba biển.', 'Chỉ biển 1 là đúng.', 0),
(491, 172, 'Biển 1.', 'Biển 1 không phải biển hết tốc độ tối đa.', 0),
(492, 172, 'Biển 2.', 'Biển tròn, viền đen, nền trắng, gạch chéo số tốc độ là biển hết tốc độ tối đa.', 1),
(493, 172, 'Biển 3.', 'Biển 3 không phải biển hết tốc độ tối đa.', 0),
(494, 172, 'Biển 1 và 2.', 'Chỉ biển 2 là đúng.', 0),
(495, 173, 'Đi thẳng hoặc rẽ trái trên cầu vượt.', 'Biển chỉ dẫn cầu vượt cho phép đi thẳng hoặc rẽ trái.', 1),
(496, 173, 'Đi thẳng hoặc rẽ phải trên cầu vượt.', 'Biển không cho phép rẽ phải.', 0),
(497, 173, 'Báo hiệu cầu vượt liên thông.', 'Biển này không phải báo hiệu cầu vượt liên thông.', 0),
(498, 174, 'Xe tải, xe con, mô tô.', 'Thứ tự này không đúng theo ưu tiên giao thông.', 0),
(499, 174, 'Xe con, xe tải, mô tô.', 'Thứ tự này không đúng theo ưu tiên giao thông.', 0),
(500, 174, 'Mô tô, xe con, xe tải.', 'Dựa trên hình, thứ tự này đúng theo ưu tiên giao thông.', 1),
(501, 174, 'Xe con, mô tô, xe tải.', 'Thứ tự này không đúng theo ưu tiên giao thông.', 0),
(502, 175, 'Cả hai xe.', 'Chỉ xe tải vi phạm.', 0),
(503, 175, 'Không xe nào vi phạm.', 'Xe tải vi phạm quy định đỗ xe.', 0),
(504, 175, 'Chỉ xe mô tô vi phạm.', 'Xe mô tô không vi phạm.', 0),
(505, 175, 'Chỉ xe tải vi phạm.', 'Dựa trên hình, xe tải đỗ sai quy định, ví dụ trên vạch kẻ đường.', 1),
(506, 176, 'Mô tô, xe con.', 'Dựa trên hình, mô tô và xe con được phép đi theo hướng mũi tên.', 1),
(507, 176, 'Xe con, xe tải.', 'Xe tải không được phép đi.', 0),
(508, 176, 'Mô tô, xe tải.', 'Xe tải không được phép đi.', 0),
(509, 176, 'Cả ba xe.', 'Chỉ mô tô và xe con được phép đi.', 0),
(510, 177, 'Xe con.', 'Xe con không vi phạm dựa trên hình.', 0),
(511, 177, 'Xe tải.', 'Dựa trên hình, xe tải vi phạm, ví dụ đi sai làn.', 1),
(512, 177, 'Xe con, xe tải.', 'Chỉ xe tải vi phạm.', 0),
(513, 178, 'Quan sát nếu thấy không có tàu thì tăng tốc cho xe vượt qua đường sắt.', 'Vượt qua rào chắn đang dịch chuyển là vi phạm.', 0),
(514, 178, 'Dừng lại trước rào chắn một khoảng cách an toàn.', 'Phải dừng xe an toàn khi rào chắn đang dịch chuyển.', 1),
(515, 178, 'Ra tín hiệu, yêu cầu người gác chắn tàu kéo chậm Barie để xe bạn qua.', 'Yêu cầu gác chắn chậm barie là vi phạm.', 0),
(516, 179, 'Gồm xe đạp (kể cả xe đạp máy, xe đạp điện), xe xích lô, xe lăn dùng cho người khuyết tật, xe súc vật kéo và các loại xe tương tự.', 'Đây là định nghĩa đúng về phương tiện giao thông thô sơ.', 1),
(517, 179, 'Gồm xe đạp (kể cả xe đạp máy, xe đạp điện), xe gắn máy, xe cơ giới dùng cho người khuyết tật và xe máy chuyên dùng.', 'Xe gắn máy và xe cơ giới không phải phương tiện thô sơ.', 0),
(518, 179, 'Gồm xe ô tô, máy kéo, rơ moóc hoặc sơ mi rơ moóc được kéo bởi xe ô tô, máy kéo.', 'Đây là phương tiện cơ giới, không phải thô sơ.', 0),
(519, 180, 'Không được vượt.', 'Xe cảnh sát không phát tín hiệu ưu tiên vẫn được vượt nếu an toàn.', 0),
(520, 180, 'Được vượt khi đang đi trên cầu.', 'Vượt trên cầu là vi phạm, dù xe không ưu tiên.', 0),
(521, 180, 'Được phép vượt khi đi qua nơi giao nhau có ít phương tiện cùng tham gia giao thông.', 'Vượt ở giao nhau là vi phạm, dù ít phương tiện.', 0),
(522, 180, 'Được vượt khi đảm bảo an toàn.', 'Xe cảnh sát không ưu tiên được vượt nếu đảm bảo an toàn.', 1),
(523, 181, 'Biển báo nguy hiểm.', 'Biển tam giác đều, viền đỏ hoặc vàng, hình vẽ màu đen là biển báo nguy hiểm.', 1),
(524, 181, 'Biển báo cấm.', 'Biển cấm là tròn, viền đỏ, nền trắng.', 0),
(525, 181, 'Biển báo hiệu lệnh.', 'Biển hiệu lệnh là tròn, nền xanh.', 0),
(526, 181, 'Biển báo chỉ dẫn.', 'Biển chỉ dẫn là vuông hoặc chữ nhật, nền xanh.', 0),
(527, 182, 'Xe thô sơ phải đi trên làn đường bên trái trong cùng, xe cơ giới, xe máy chuyên dùng đi trên làn đường bên phải.', 'Xe thô sơ phải đi bên phải, không phải bên trái.', 0),
(528, 182, 'Xe thô sơ phải đi trên làn đường bên phải trong cùng; xe cơ giới, xe máy chuyên dùng đi trên làn đường bên trái.', 'Quy định yêu cầu xe thô sơ đi bên phải, xe cơ giới bên trái.', 1),
(529, 182, 'Xe thô sơ đi trên làn đường phù hợp không gây cản trở giao thông, xe cơ giới, xe máy chuyên dùng đi trên làn đường bên phải.', 'Xe thô sơ phải đi bên phải trong cùng, không phải làn phù hợp.', 0),
(530, 183, '5 mét.', 'Quy định dừng xe cách ray gần nhất tối thiểu 5 mét.', 1),
(531, 183, '3 mét.', 'Khoảng cách 3 mét không đúng quy định.', 0),
(532, 183, '4 mét.', 'Khoảng cách 4 mét không đúng quy định.', 0),
(533, 184, 'Khi cho xe chạy thẳng.', 'Chạy thẳng không cần bật đèn báo rẽ.', 0),
(534, 184, 'Trước khi thay đổi làn đường.', 'Phải bật đèn báo rẽ trước khi chuyển làn để đảm bảo an toàn.', 1),
(535, 184, 'Sau khi thay đổi làn đường.', 'Bật đèn sau khi chuyển làn không đúng quy định.', 0),
(536, 185, 'Ô tô con, ô tô tải, ô tô chở người trên 30 chỗ.', 'Tốc độ tối đa 50 km/h áp dụng cho các xe này trong khu đông dân cư.', 1),
(537, 185, 'Xe gắn máy, xe máy chuyên dùng.', 'Xe gắn máy có tốc độ tối đa 40 km/h.', 0),
(538, 185, 'Cả ý 1 và ý 2.', 'Chỉ ý 1 đúng, xe gắn máy không đạt 50 km/h.', 0),
(539, 186, 'Phải cho xe dừng lại trước vạch dừng, trường hợp đã đi quá vạch dừng hoặc đã quá gần vạch dừng nếu dừng lại thấy nguy hiểm thì được đi tiếp.', 'Đèn vàng yêu cầu dừng, trừ trường hợp nguy hiểm.', 0),
(540, 186, 'Trong trường hợp tín hiệu vàng nhấp nháy là được đi nhưng phải giảm tốc độ chú ý quan sát nhường đường cho người đi bộ qua đường.', 'Đèn vàng nhấp nháy cho phép đi nhưng phải giảm tốc.', 0),
(541, 186, 'Nhanh chóng tăng tốc độ, vượt qua nút giao và chú ý đảm bảo an toàn.', 'Tăng tốc khi đèn vàng là vi phạm.', 0),
(542, 186, 'Cả ý 1 và ý 2.', 'Cả hai trường hợp đều đúng tùy theo tín hiệu vàng.', 1),
(543, 187, 'Bấm còi liên tục thúc giục các phương tiện phía trước nhường đường.', 'Hành vi này thiếu văn hóa nhưng không phải duy nhất.', 0),
(544, 187, 'Đi lên vỉa hè, tận dụng mọi khoảng trống để nhanh chóng thoát khỏi nơi ùn tắc.', 'Hành vi này thiếu văn hóa nhưng không phải duy nhất.', 0),
(545, 187, 'Lấn sang trái đường cố gắng vượt lên xe khác.', 'Hành vi này thiếu văn hóa nhưng không phải duy nhất.', 0),
(546, 187, 'Tất cả các ý nêu trên.', 'Cả ba hành vi đều thiếu văn hóa giao thông.', 1),
(547, 188, 'Bật tín hiệu báo rẽ trước khi quay đầu, từ từ giảm tốc độ đến mức có thể dừng lại.', 'Hành động này cần thiết nhưng không đầy đủ.', 0),
(548, 188, 'Chỉ quay đầu xe tại những nơi được phép quay đầu.', 'Hành động này cần thiết nhưng không đầy đủ.', 0),
(549, 188, 'Quan sát an toàn các phương tiện tới từ phía trước, phía sau, hai bên đồng thời nhường đường cho xe từ bên phải và phía trước đi tới.', 'Hành động này cần thiết nhưng không đầy đủ.', 0),
(550, 188, 'Tất cả các ý nêu trên.', 'Cả ba hành động đều cần để quay đầu an toàn.', 1),
(551, 189, 'Biển 1.', 'Biển tròn, viền đỏ, ký hiệu quay đầu gạch đỏ là cấm quay đầu.', 1),
(552, 189, 'Biển 2.', 'Biển 2 không phải biển cấm quay đầu.', 0),
(553, 189, 'Không biển nào.', 'Biển 1 cấm quay đầu.', 0),
(554, 189, 'Cả 2 biển.', 'Chỉ biển 1 cấm quay đầu.', 0),
(555, 190, 'Biển 1.', 'Biển tròn, viền đỏ, nền trắng, không có ký hiệu là cấm đi ngược chiều.', 1),
(556, 190, 'Biển 2.', 'Biển 2 không phải biển cấm đi ngược chiều.', 0),
(557, 190, 'Cả ba biển.', 'Chỉ biển 1 là đúng.', 0),
(558, 191, 'Biển 1 và 2.', 'Biển 1 có thể cấm xe mô tô.', 0),
(559, 191, 'Biển 1 và 3.', 'Biển 1 có thể cấm xe mô tô.', 0),
(560, 191, 'Biển 2 và 3.', 'Biển 2 và 3 không cấm xe mô tô, ví dụ là biển chỉ dẫn.', 1),
(561, 192, 'Biển 1 và 2.', 'Biển 2 không báo hiệu giao nhau với đường sắt.', 0),
(562, 192, 'Biển 1 và 3.', 'Biển tam giác, viền đỏ, ký hiệu đường sắt là báo hiệu giao nhau với đường sắt.', 1),
(563, 192, 'Biển 2 và 3.', 'Biển 2 không báo hiệu giao nhau với đường sắt.', 0),
(564, 192, 'Cả ba biển.', 'Chỉ biển 1 và 3 là đúng.', 0),
(565, 193, 'Biển 1.', 'Biển 1 không phải biển đường thu hẹp.', 0),
(566, 193, 'Biển 1 và 3.', 'Biển tam giác, viền đỏ, ký hiệu đường hẹp là biển đường thu hẹp.', 1),
(567, 193, 'Biển 2 và 3.', 'Biển 2 không phải biển đường thu hẹp.', 0),
(568, 193, 'Cả ba biển.', 'Chỉ biển 1 và 3 là đúng.', 0),
(569, 194, 'Biển 1.', 'Biển tam giác, viền đỏ, ký hiệu trẻ em yêu cầu đi chậm và thận trọng.', 1),
(570, 194, 'Biển 2.', 'Biển 2 không phải biển báo trẻ em.', 0),
(571, 195, 'Biển 1.', 'Biển 1 không phải biển hết hạn chế tốc độ tối thiểu.', 0),
(572, 195, 'Biển 2.', 'Biển tròn, viền đen, gạch chéo số tốc độ là biển hết hạn chế tốc độ tối thiểu.', 1),
(573, 195, 'Biển 3.', 'Biển 3 không phải biển hết hạn chế tốc độ tối thiểu.', 0),
(574, 195, 'Cả ba biển.', 'Chỉ biển 2 là đúng.', 0),
(575, 196, 'Vạch 1.', 'Vạch nét đứt là vạch phân chia làn cùng chiều.', 0),
(576, 196, 'Vạch 2.', 'Vạch nét liền mảnh là vạch phân chia làn cùng chiều.', 0),
(577, 196, 'Vạch 3.', 'Vạch nét liền đôi thường phân chia chiều đi.', 0),
(578, 196, 'Vạch 1 và 2.', 'Cả vạch nét đứt và nét liền mảnh đều phân chia làn cùng chiều.', 1),
(579, 197, 'Mô tô.', 'Xe con có ưu tiên dựa trên hình.', 0),
(580, 197, 'Xe con.', 'Dựa trên hình, xe con có ưu tiên, ví dụ do đường ưu tiên.', 1),
(581, 198, 'Chỉ mô tô.', 'Cả mô tô và xe tải vi phạm.', 0),
(582, 198, 'Chỉ xe tải.', 'Cả mô tô và xe tải vi phạm.', 0),
(583, 198, 'Cả ba xe.', 'Xe con không vi phạm.', 0),
(584, 198, 'Chỉ mô tô và xe tải.', 'Dựa trên hình, mô tô và xe tải đỗ sai quy định.', 1),
(585, 199, 'Chỉ xe khách, mô tô.', 'Tất cả xe vi phạm dựa trên hình.', 0),
(586, 199, 'Tất cả các loại xe trên.', 'Tất cả xe vi phạm dựa trên hình.', 0),
(587, 199, 'Không xe nào chấp hành đúng quy tắc giao thông.', 'Dựa trên hình, tất cả xe vi phạm, ví dụ đi sai làn.', 1),
(588, 200, 'Xe tải, xe con.', 'Xe con không vi phạm dựa trên hình.', 0),
(589, 200, 'Xe khách, xe con.', 'Xe con không vi phạm dựa trên hình.', 0),
(590, 200, 'Xe khách, xe tải.', 'Dựa trên hình, xe khách và xe tải vi phạm, ví dụ đi sai hướng.', 1),
(591, 201, 'Vượt về phía bên phải để đi tiếp.', 'Vượt bên phải khi xe container rẽ là nguy hiểm.', 0),
(592, 201, 'Giảm tốc độ chờ xe container rẽ xong rồi tiếp tục đi.', 'Chờ xe container rẽ xong đảm bảo an toàn.', 1),
(593, 201, 'Vượt về phía bên trái để đi tiếp.', 'Vượt bên trái khi xe container rẽ là nguy hiểm.', 0);

-- --------------------------------------------------------

--
-- Cấu trúc bảng cho bảng `exam_categories`
--

CREATE TABLE `exam_categories` (
  `category_id` int(11) NOT NULL,
  `category_name` varchar(100) NOT NULL,
  `description` text DEFAULT NULL,
  `time_limit` int(11) NOT NULL DEFAULT 1140
) ENGINE=InnoDB DEFAULT CHARSET=utf8mb4 COLLATE=utf8mb4_unicode_ci;

--
-- Đang đổ dữ liệu cho bảng `exam_categories`
--

INSERT INTO `exam_categories` (`category_id`, `category_name`, `description`, `time_limit`) VALUES
(1, 'A1', 'Bằng lái xe máy dưới 175cc', 1140),
(2, 'A2', 'Bằng lái xe máy trên 175cc', 1140),
(3, 'Điểm Liệt 20 Câu', 'Các câu hỏi điểm liệt', 1140);

-- --------------------------------------------------------

--
-- Cấu trúc bảng cho bảng `exam_sets`
--

CREATE TABLE `exam_sets` (
  `set_id` int(11) NOT NULL,
  `category_id` int(11) DEFAULT NULL,
  `set_name` varchar(100) NOT NULL,
  `description` text DEFAULT NULL
) ENGINE=InnoDB DEFAULT CHARSET=utf8mb4 COLLATE=utf8mb4_unicode_ci;

--
-- Đang đổ dữ liệu cho bảng `exam_sets`
--

INSERT INTO `exam_sets` (`set_id`, `category_id`, `set_name`, `description`) VALUES
(1, 1, 'Đề 1', 'Đề thi thử bằng lái A1 - Đề số 1'),
(2, 1, 'Đề 2', 'Đề thi thử bằng lái A1 - Đề số 2'),
(3, 1, 'Đề 3', 'Đề thi thử bằng lái A1 - Đề số 3'),
(4, 1, 'Đề 4', 'Đề thi thử bằng lái A1 - Đề số 4'),
(5, 1, 'Đề 5', 'Đề thi thử bằng lái A1 - Đề số 5'),
(6, 1, 'Đề 6', 'Đề thi thử bằng lái A1 - Đề số 6'),
(7, 1, 'Đề 7', 'Đề thi thử bằng lái A1 - Đề số 7'),
(8, 1, 'Đề 8', 'Đề thi thử bằng lái A1 - Đề số 8'),
(9, 1, 'Đề 9', 'Đề thi thử bằng lái A1 - Đề số 9'),
(10, 1, 'Đề 10', 'Đề thi thử bằng lái A1 - Đề số 10'),
(11, 1, 'Đề 11', 'Đề thi thử bằng lái A1 - Đề số 11'),
(12, 1, 'Đề 12', 'Đề thi thử bằng lái A1 - Đề số 12'),
(13, 1, 'Đề 13', 'Đề thi thử bằng lái A1 - Đề số 13'),
(14, 1, 'Đề 14', 'Đề thi thử bằng lái A1 - Đề số 14'),
(15, 1, 'Đề 15', 'Đề thi thử bằng lái A1 - Đề số 15'),
(16, 1, 'Đề 16', 'Đề thi thử bằng lái A1 - Đề số 16'),
(17, 1, 'Đề 17', 'Đề thi thử bằng lái A1 - Đề số 17'),
(18, 1, 'Đề 18', 'Đề thi thử bằng lái A1 - Đề số 18'),
(19, 1, 'Đề 19', 'Đề thi thử bằng lái A1 - Đề số 19'),
(20, 1, 'Đề 20', 'Đề thi thử bằng lái A1 - Đề số 20'),
(21, 2, 'Đề 1', 'Đề thi thử bằng lái A2 - Đề số 1'),
(22, 2, 'Đề 2', 'Đề thi thử bằng lái A2 - Đề số 2'),
(23, 2, 'Đề 3', 'Đề thi thử bằng lái A2 - Đề số 3'),
(24, 2, 'Đề 4', 'Đề thi thử bằng lái A2 - Đề số 4'),
(25, 2, 'Đề 5', 'Đề thi thử bằng lái A2 - Đề số 5'),
(26, 2, 'Đề 6', 'Đề thi thử bằng lái A2 - Đề số 6'),
(27, 2, 'Đề 7', 'Đề thi thử bằng lái A2 - Đề số 7'),
(28, 2, 'Đề 8', 'Đề thi thử bằng lái A2 - Đề số 8'),
(29, 2, 'Đề 9', 'Đề thi thử bằng lái A2 - Đề số 9'),
(30, 2, 'Đề 10', 'Đề thi thử bằng lái A2 - Đề số 10'),
(31, 2, 'Đề 11', 'Đề thi thử bằng lái A2 - Đề số 11'),
(32, 2, 'Đề 12', 'Đề thi thử bằng lái A2 - Đề số 12'),
(33, 2, 'Đề 13', 'Đề thi thử bằng lái A2 - Đề số 13'),
(34, 2, 'Đề 14', 'Đề thi thử bằng lái A2 - Đề số 14'),
(35, 2, 'Đề 15', 'Đề thi thử bằng lái A2 - Đề số 15'),
(36, 2, 'Đề 16', 'Đề thi thử bằng lái A2 - Đề số 16'),
(37, 2, 'Đề 17', 'Đề thi thử bằng lái A2 - Đề số 17'),
(38, 2, 'Đề 18', 'Đề thi thử bằng lái A2 - Đề số 18'),
(39, 2, 'Đề 19', 'Đề thi thử bằng lái A2 - Đề số 19'),
(40, 2, 'Đề 20', 'Đề thi thử bằng lái A2 - Đề số 20'),
(41, 3, '20 câu hỏi điểm liệt', 'Đề thi thử 20 câu hỏi điểm liệt');

-- --------------------------------------------------------

--
-- Cấu trúc bảng cho bảng `questions`
--

CREATE TABLE `questions` (
  `question_id` int(11) NOT NULL,
  `set_id` int(11) DEFAULT NULL,
  `question_text` text NOT NULL,
  `question_image` varchar(255) DEFAULT NULL,
  `is_critical` tinyint(1) DEFAULT 0
) ENGINE=InnoDB DEFAULT CHARSET=utf8mb4 COLLATE=utf8mb4_unicode_ci;

--
-- Đang đổ dữ liệu cho bảng `questions`
--

INSERT INTO `questions` (`question_id`, `set_id`, `question_text`, `question_image`, `is_critical`) VALUES
(1, 3, 'Cuộc đua xe chỉ được thực hiện khi nào ?', '../assets/img/cauliet1.jpg', 1),
(2, 3, 'Người điều khiển phương tiện giao thông đường bộ mà trong cơ thể có chất ma túy có bị nghiêm cấm hay không ?', '../assets/img/cauliet2.jpg', 1),
(3, 3, 'Sử dụng rượu bia khi lái xe, nếu bị phát hiện thì bị xử lý như thế nào ?', '../assets/img/cauliet3.jpg', 1),
(4, 3, 'Theo Luật phòng chống tác hại của rượu, bia, đối tượng nào dưới đây bị cấm sử dụng rượu bia khi tham gia giao thông ?', '../assets/img/cauliet4.jpg', 1),
(5, 3, 'Hành vi điều khiển xe cơ giới chạy quá tốc độ quy định, giành đường, vượt ẩu có bị nghiêm cấm hay không ?', '../assets/img/cauliet5.jpg', 1),
(6, 3, 'Ở phần đường dành cho người đi bộ qua đường, trên cầu, đầu cầu, đường cao tốc, đường hẹp, đường dốc, tại nơi đường bộ giao nhau cùng mức với đường sắt có được quay đầu xe hay không ?', '../assets/img/cauliet6.jpg', 1),
(7, 3, 'Người điều khiển xe mô tô hai bánh, ba bánh, xe gắn máy có được phép sử dụng xe để kéo hoặc đẩy các phương tiện khác khi tham gia giao thông không ?', '../assets/img/cauliet7.jpg', 1),
(8, 3, 'Khi điều khiển xe mô tô hai bánh, xe mô tô ba bánh, xe gắn máy, những hành vi buông cả hai tay; sử dụng xe để kéo, đẩy xe khác, vật khác; sử dụng chân chống của xe quệt xuống đường khi xe đang chạy có được phép hay không ?', '../assets/img/cauliet8.jpg', 1),
(9, 3, 'Khi điều khiển xe mô tô hai bánh, xe mô tô ba bánh, xe gắn máy, những hành vi nào không được phép ?', '../assets/img/cauliet9.jpg', 1),
(10, 3, 'Người ngồi trên xe mô tô hai bánh, ba bánh, xe gắn máy khi tham gia giao thông có được mang, vác vật cồng kềnh hay không ?', '../assets/img/cauliet10.jpg', 1),
(11, 3, 'Người ngồi trên xe mô tô hai bánh, xe mô tô ba bánh, xe gắn máy khi tham gia giao thông có được bám, kéo hoặc đẩy các phương tiện khác không ?', '../assets/img/cauliet11.jpg', 1),
(12, 3, 'Người ngồi trên xe mô tô hai bánh, xe mô tô ba bánh, xe gắn máy khi tham gia giao thông có được sử dụng ô khi trời mưa hay không ?', '../assets/img/cauliet12.jpg', 1),
(13, 3, 'Khi đang lên dốc người ngồi trên xe mô tô có được kéo theo người đang điều khiển xe đạp hay không ?', '../assets/img/cauliet13.jpg', 1),
(14, 3, 'Hành vi sử dụng xe mô tô để kéo, đẩy xe mô tô khác bị hết xăng đến trạm mua xăng có được phép hay không ?', '../assets/img/cauliet14.jpg', 1),
(15, 3, 'Hành vi vận chuyển đồ vật cồng kềnh bằng xe mô tô, xe gắn máy khi tham gia giao thông có được phép hay không ?', '../assets/img/cauliet15.jpg', 1),
(16, 3, 'Người ngồi trên xe mô tô 2 bánh, xe gắn máy phải đội mũ bảo hiểm có cài quai đúng quy cách khi nào ?', '../assets/img/cauliet16.jpg', 1),
(17, 3, 'Người điều khiển xe mô tô hai bánh, xe gắn máy có được đi xe dàn hàng ngang; đi xe vào phần đường dành cho người đi bộ và phương tiện khác; sử dụng ô, điện thoại di động, thiết bị âm thanh (trừ thiết bị trợ thính) hay không ?', '../assets/img/cauliet17.jpg', 1),
(18, 3, 'Người lái xe phải xử lý như thế nào khi quan sát phía trước thấy người đi bộ đang sang đường tại nơi có vạch đường dành cho người đi bộ để đảm bảo an toàn ?', '../assets/img/cauliet18.jpg', 1),
(19, 3, 'Khi điều khiển xe mô tô tay ga xuống đường dốc dài, độ dốc cao, người lái xe cần thực hiện các thao tác nào dưới đây để đảm bảo an toàn ?', '../assets/img/cauliet19.jpg', 1),
(20, 3, 'Khi đang lái xe mô tô và ô tô, nếu có nhu cầu sử dụng điện thoại để nhắn tin hoặc gọi điện, người lái xe phải thực hiện như thế nào trong các tình huống nêu dưới đây ?', '../assets/img/cauliet20.jpg', 1),
(21, 1, 'Phần của đường bộ được sử dụng cho các phương tiện giao thông qua lại là gì ?', NULL, 0),
(22, 1, '“Phương tiện tham gia giao thông đường bộ” gồm những loại nào ?', NULL, 0),
(23, 1, 'Bạn đang lái xe phía trước có một xe cứu thương đang phát tín hiệu ưu tiên bạn có được phép vượt hay không ?', NULL, 0),
(24, 1, 'Biển báo hiệu hình tròn có nền xanh lam có hình vẽ màu trắng là loại biển gì dưới đây ?', '../assets/img/41.jpg', 0),
(25, 1, 'Bạn đang lái xe trong khu vực đô thị từ 22 giờ đến 5 giờ sáng hôm sau và cần vượt một xe khác, bạn cần báo hiệu như thế nào để đảm bảo an toàn giao thông ?', NULL, 0),
(26, 1, 'Người điều khiển phương tiện tham gia giao thông trong hầm đường bộ ngoài việc phải tuân thủ các quy tắc giao thông còn phải thực hiện những quy định nào dưới đây ?', NULL, 0),
(27, 1, 'Trên đoạn đường hai chiều không có giải phân cách giữa, người lái xe không được vượt xe khác trong các trường hợp nào dưới đây ?', NULL, 0),
(28, 1, 'Khi điều khiển xe chạy với tốc độ dưới 60 km/h, để đảm bảo khoảng cách an toàn giữa hai xe, người lái xe phải điều khiển xe như thế nào ?', NULL, 0),
(29, 1, 'Để báo hiệu cho xe phía trước biết xe mô tô của bạn muốn vượt, bạn phải có tín hiệu như thế nào dưới đây ?', NULL, 0),
(30, 1, 'Tay ga trên xe mô tô hai bánh có tác dụng gì trong các trường hợp dưới đây ?', NULL, 0),
(31, 1, 'Biển nào cấm xe rẽ trái ?', '../assets/img/105.jpg', 0),
(32, 1, 'Biển nào dưới đây các phương tiện không được phép đi vào ?', '../assets/img/113.jpg', 0),
(33, 1, 'Biển nào xe mô tô hai bánh không được đi vào ?', '../assets/img/121.jpg', 0),
(34, 1, 'Biển nào báo hiệu nguy hiểm giao nhau với đường sắt ?', '../assets/img/129.jpg', 0),
(35, 1, 'Biển nào báo hiệu “Đường giao nhau” của các tuyến đường cùng cấp ?', '../assets/img/137.jpg', 0),
(36, 1, 'Biển nào chỉ dẫn nơi bắt đầu đoạn đường dành cho người đi bộ ?', '../assets/img/145.jpg', 0),
(37, 1, 'Biển nào dưới đây báo hiệu hết cấm vượt ?', '../assets/img/153.jpg', 0),
(38, 1, 'Vạch kẻ đường nào dưới đây là vạch phân chia hai chiều xe chạy (vạch tim đường), xe không được lấn làn, không được đè lên vạch ?', '../assets/img/161.jpg', 0),
(39, 1, 'Xe nào được quyền đi trước trong trường hợp này ?', '../assets/img/169.jpg', 0),
(40, 1, 'Xe tải kéo mô tô ba bánh như hình này có đúng quy tắc giao thông không ?', '../assets/img/177.jpg', 0),
(41, 1, 'Theo hướng mũi tên, những hướng nào xe mô tô được phép đi ?', '../assets/img/185.jpg', 0),
(42, 1, 'Các xe đi theo hướng mũi tên, xe nào vi phạm quy tắc giao thông ?', '../assets/img/193.jpg', 0),
(43, 1, '“Làn đường” là gì ?', NULL, 0),
(44, 1, '“Người tham gia giao thông đường bộ” gồm những đối tượng nào ?', NULL, 0),
(45, 1, 'Biển báo hiệu hình chữ nhật hoặc hình vuông hoặc hình mũi tên nền xanh lam là loại biển gì dưới đây ?', '../assets/img/42.jpg', 0),
(46, 1, 'Khi điều khiển xe chạy trên đường biết có xe sau xin vượt nếu đủ điều kiện an toàn người lái xe phải làm gì ?', NULL, 0),
(47, 1, 'Người lái xe mô tô xử lý như thế nào khi cho xe mô tô phía sau vượt ?', NULL, 0),
(48, 1, 'Người lái xe phải giảm tốc độ thấp hơn tốc độ tối đa cho phép đến mức cần thiết, chú ý quan sát và chuẩn bị sẵn sàng những tình huống có thế xảy ra để phòng ngừa tai nạn trong các trường hợp nào dưới đây ?', NULL, 0),
(49, 1, 'Người điều khiển xe mô tô phải giảm tốc độ và hết sức thận trọng khi qua những đoạn đường nào dưới đây ?', NULL, 0),
(50, 1, 'Khi quay đầu xe, người lái xe cần phải quan sát và thực hiện các thao tác nào để đảm bảo an toàn giao thông ?', NULL, 0),
(51, 1, 'Gương chiếu hậu của xe mô tô hai bánh, có tác dụng gì trong các trường hợp dưới đây ?', NULL, 0),
(52, 1, 'Khi gặp biển nào xe được rẽ trái ?', '../assets/img/106.jpg', 0),
(53, 1, 'Khi gặp biển nào xe ưu tiên theo luật định vẫn phải dừng lại ?', '../assets/img/114.jpg', 0),
(54, 1, 'Biển báo nào báo hiệu bắt đầu đoạn đường vào phạm vi khu dân cư, các phương tiện tham gia giao thông phải tuân theo các quy định đi đường được áp dụng ở khu đông dân cư ?', '../assets/img/122.jpg', 0),
(55, 1, 'Biển nào báo hiệu Đường sắt giao nhau với đường bộ không có rào chắn ?', '../assets/img/130.jpg', 0),
(56, 1, 'Biển nào báo hiệu “Đường đôi” ?', '../assets/img/138.jpg', 0),
(57, 1, 'Biển báo này có ý nghĩa gì ?', '../assets/img/146.jpg', 0),
(58, 1, 'Trong các biển dưới đây biển nào là biển “Hết mọi lệnh cấm” ?', '../assets/img/154.jpg', 0),
(59, 1, 'Vạch kẻ đường nào dưới đây là vạch phân chia hai chiều xe chạy (vạch tim đường) ?', '../assets/img/162.jpg', 0),
(60, 1, 'Theo tín hiệu đèn, xe nào được phép đi ?', '../assets/img/170.jpg', 0),
(61, 1, 'Xe nào được quyền đi trước trong trường hợp này ?', '../assets/img/178.jpg', 0),
(62, 1, 'Trong trường hợp này, thứ tự xe đi như thế nào là đúng quy tắc giao thông ?', '../assets/img/186.jpg', 0),
(63, 1, 'Các xe đi theo hướng mũi tên, xe nào chấp hành đúng quy tắc giao thông ?', '../assets/img/194.jpg', 0),
(64, 1, 'Trong các khái niệm dưới đây, “dải phân cách” được hiểu như thế nào là đúng ?', NULL, 0),
(65, 1, '“Người điều khiển phương tiện tham gia giao thông đường bộ” gồm những đối tượng nào dưới đây ?', NULL, 0),
(66, 1, 'Người đủ bao nhiêu tuổi trở lên thì được điều khiển xe mô tô hai bánh, xe mô tô ba bánh có dung tích xi lanh từ 50 cm3 trở lên và các loại xe có kết cấu tương tự; xe ô tô tải, máy kéo có trọng tải dưới 3,5 tấn; xe ô tô chở người đến 9 chỗ ngồi', NULL, 0),
(67, 1, 'Khi sử dụng giấy phép lái xe đã khai báo mất để điều khiển phương tiện cơ giới đường bộ, ngoài việc bị thu hồi giấy phép lái xe, chịu trách nhiệm trước pháp luật, người lái xe không được cấp giấy phép lái xe trong thời gian bao nhiêu năm ?', NULL, 0),
(68, 1, 'Khi muốn chuyển hướng, người lái xe phải thực hiện như thế nào để đảm bảo an toàn giao thông ?', NULL, 0),
(69, 1, 'Người điều khiển xe mô tô hai bánh, xe gắn máy được phép chở tối đa 2 người trong những trường hợp nào ?', NULL, 0),
(70, 1, 'Trong các trường hợp dưới đây, để đảm bảo an toàn khi tham gia giao thông, người lái xe mô tô cần thực hiện như thế nào ?', NULL, 0),
(71, 1, 'Các phương tiện tham gia giao thông đường bộ (kể cả những xe có quyền ưu tiên) đều phải dừng lại bên phải đường của mình và trước vạch “dừng xe” tại các điểm giao cắt giữa đường bộ và đường sắt khi có báo hiệu dừng nào dưới đây ?', NULL, 0),
(72, 1, 'Khi gặp xe buýt đang dừng đón, trả khách, người điều khiển xe mô tô phải xử lý như thế nào dưới đây để đảm bảo an toàn giao thông ?', NULL, 0),
(73, 1, 'Khi tránh nhau trên đường hẹp, người lái xe cần phải chú ý những điểm nào để đảm bảo an toàn giao thông ?', NULL, 0),
(74, 1, 'Để đảm bảo an toàn khi tham gia giao thông, người lái xe mô tô hai bánh cần điều khiển tay ga như thế nào trong các trường hợp dưới đây ?', NULL, 0),
(75, 1, 'Biển nào cấm các phương tiện giao thông đường bộ rẽ phải ?', '../assets/img/107.jpg', 0),
(76, 1, 'Biển nào cấm tất cả các loại xe cơ giới và thô sơ đi lại trên đường, trừ xe ưu tiên theo luật định (nếu đường vẫn cho xe chạy được) ?', '../assets/img/115.jpg', 0),
(77, 1, 'Gặp biển nào người lái xe phải nhường đường cho người đi bộ ?', '../assets/img/123.jpg', 0),
(78, 1, 'Biển nào báo hiệu sắp đến chỗ giao nhau giữa đường bộ và đường sắt ?', '../assets/img/131.jpg', 0),
(79, 1, 'Biển nào báo hiệu “Đường đôi” ?', '../assets/img/139.jpg', 0),
(80, 1, 'Biển nào (đặt trước ngã ba, ngã tư) cho phép xe được rẽ sang hướng khác ?', '../assets/img/147.jpg', 0),
(81, 1, 'Biển nào chỉ dẫn cho người đi bộ sử dụng cầu vượt qua đường ?', '../assets/img/155.jpg', 0),
(82, 1, 'Các vạch dưới đây có tác dụng gì ?', '../assets/img/163.jpg', 0),
(83, 1, 'Các xe đi theo hướng mũi tên, xe nào vi phạm quy tắc giao thông ?', '../assets/img/171.jpg', 0),
(84, 1, 'Thứ tự các xe đi như thế nào là đúng quy tắc giao thông ?', '../assets/img/179.jpg', 0),
(85, 1, 'Trong hình dưới, những xe nào vi phạm quy tắc giao thông ?', '../assets/img/187.jpg', 0),
(86, 1, 'Các xe đi theo thứ tự nào là đúng quy tắc giao thông đường bộ ?', '../assets/img/195.jpg', 0),
(87, 1, '“Dải phân cách” trên đường bộ gồm những loại nào?', NULL, 0),
(88, 1, 'Khái niệm “người điều khiển giao thông” được hiểu như thế nào là đúng?', NULL, 0),
(89, 1, 'Khi lái xe trong khu đô thị và đông dân cư trừ các khu vực có biển cấm sử dụng còi, người lái xe được sử dụng còi như thế nào trong các trường hợp dưới đây?', NULL, 0),
(90, 1, 'Người đủ 16 tuổi được điều khiển các loại xe nào dưới đây?', NULL, 0),
(91, 1, 'Khi gặp hiệu lệnh như dưới đây của cảnh sát giao thông thì người tham gia giao thông phải đi như thế nào là đúng quy tắc giao thông?', '../assets/img/44.jpg', 0),
(92, 1, 'Khi tránh xe đi ngược chiều, các xe phải nhường đường như thế nào là đúng quy tắc giao thông?', NULL, 0),
(93, 1, 'Người điều khiển xe mô tô hai bánh, xe gắn máy không được thực hiện những hành vi nào dưới đây?', NULL, 0),
(94, 1, 'Đường bộ trong khu vực đông dân cư gồm những đoạn đường nào dưới đây?', NULL, 0),
(95, 1, 'Tác dụng của mũ bảo hiểm đối với người ngồi trên xe mô tô hai bánh trong trường hợp xảy ra tai nạn giao thông là gì?', NULL, 0),
(96, 1, 'Khái niệm về văn hóa giao thông được hiểu như thế nào là đúng?', NULL, 0),
(97, 1, 'Khi điều khiển xe trên đường vòng người lái xe cần phải làm gì để đảm bảo an toàn?', NULL, 0),
(98, 1, 'Kỹ thuật cơ bản để giữ thăng bằng khi điều khiển xe mô tô đi trên đường gồ ghề như thế nào trong các trường hợp dưới đây?', NULL, 0),
(99, 1, 'Biển nào cấm các phương tiện giao thông đường bộ rẽ trái?', '../assets/img/108.jpg', 0),
(100, 1, 'Gặp biển nào xe xích lô được phép đi vào?', '../assets/img/116.jpg', 0),
(101, 1, 'Biển nào chỉ đường dành cho người đi bộ, các loại xe không được đi vào khi gặp biển này?', '../assets/img/124.jpg', 0),
(102, 1, 'Biển nào báo hiệu, chỉ dẫn xe đi trên đường này được quyền ưu tiên qua nơi giao nhau?', '../assets/img/132.jpg', 0),
(103, 1, 'Biển nào báo hiệu “Giao nhau với đường hai chiều”?', '../assets/img/140.jpg', 0),
(104, 1, 'Biển nào báo hiệu “Hướng đi thẳng phải theo”?', '../assets/img/148.jpg', 0),
(105, 1, 'Biển nào chỉ dẫn cho người đi bộ sử dụng hầm chui qua đường?', '../assets/img/156.jpg', 0),
(106, 1, 'Khi gặp vạch kẻ đường nào các xe được phép đè vạch?', '../assets/img/164.jpg', 0),
(107, 1, 'Thứ tự các xe đi như thế nào là đúng quy tắc giao thông?', '../assets/img/172.jpg', 0),
(108, 1, 'Xe nào được quyền đi trước trong trường hợp này?', '../assets/img/180.jpg', 0),
(109, 1, 'Trong hình dưới, những xe nào vi phạm quy tắc giao thông?', '../assets/img/188.jpg', 0),
(110, 1, 'Các xe đi theo thứ tự nào là đúng quy tắc giao thông đường bộ?', '../assets/img/196.jpg', 0),
(111, 1, 'Người lái xe được hiểu như thế nào trong các khái niệm dưới đây?', NULL, 0),
(112, 1, 'Trong các khái niệm dưới đây khái niệm “dừng xe” được hiểu như thế nào là đúng?', NULL, 0),
(113, 1, 'Người lái xe sử dụng đèn như thế nào khi lái xe trong khu đô thị và đông dân cư vào ban đêm?', NULL, 0),
(114, 1, 'Người có GPLX mô tô hạng A1 không được phép điều khiển loại xe nào dưới đây?', NULL, 0),
(115, 1, 'Khi gặp hiệu lệnh như dưới đây của cảnh sát giao thông thì người tham gia giao thông phải đi như thế nào là đúng quy tắc giao thông?', '../assets/img/45.jpg', 0),
(116, 1, 'Bạn đang lái xe trên đường hẹp, xuống dốc và gặp một xe đang đi lên dốc, bạn cần làm gì?', NULL, 0),
(117, 1, 'Tốc độ tối đa cho phép đối với xe máy chuyên dùng, xe gắn máy (kể cả xe máy điện) và các loại xe tương tự trên đường bộ (trừ đường cao tốc) không được vượt quá bao nhiêu km/h?', NULL, 0),
(118, 1, 'Tại nơi đường giao nhau, người lái xe đang đi trên đường không ưu tiên phải xử lý như thế nào là đúng quy tắc giao thông?', NULL, 0),
(119, 1, 'Trong các hành vi dưới đây, người lái xe mô tô có văn hóa giao thông phải ứng xử như thế nào?', NULL, 0),
(120, 1, 'Để đạt được hiệu quả phanh cao nhất, người lái xe mô tô phải sử dụng các kỹ năng như thế nào dưới đây?', NULL, 0),
(121, 1, 'Biển nào dưới đây xe gắn máy được phép đi vào?', '../assets/img/101.jpg', 0),
(122, 1, 'Biển nào cho phép xe rẽ trái?', '../assets/img/109.jpg', 0),
(123, 1, 'Gặp biển nào xe lam, xe xích lô máy được phép đi vào?', '../assets/img/117.jpg', 0),
(124, 1, 'Biển nào báo hiệu “Đường dành cho xe thô sơ”?', '../assets/img/125.jpg', 0),
(125, 1, 'Biển nào báo hiệu “Giao nhau với đường không ưu tiên”?', '../assets/img/133.jpg', 0),
(126, 1, 'Biển nào báo hiệu “Đường hai chiều”?', '../assets/img/141.jpg', 0),
(127, 1, 'Biển nào báo hiệu “Đường một chiều”?', '../assets/img/149.jpg', 0),
(128, 1, 'Biển nào báo hiệu “Nơi đỗ xe dành cho người tàn tật”?', '../assets/img/157.jpg', 0),
(129, 1, 'Vạch dưới đây có ý nghĩa gì?', '../assets/img/165.jpg', 0),
(130, 1, 'Trong trường hợp này xe nào đỗ vi phạm quy tắc giao thông?', '../assets/img/173.jpg', 0),
(131, 1, 'Xe nào vi phạm quy tắc giao thông?', '../assets/img/181.jpg', 0),
(132, 1, 'Bạn có được phép vượt xe mô tô phía trước không?', '../assets/img/189.jpg', 0),
(133, 1, 'Bạn xử lý như thế nào trong trường hợp này?', '../assets/img/197.jpg', 0),
(134, 1, 'Đường mà trên đó phương tiện tham gia giao thông được các phương tiện giao thông đến từ hướng khác nhường đường khi qua nơi đường giao nhau, được cắm biển báo hiệu đường ưu tiên là loại đường gì?', NULL, 0),
(135, 1, 'Khái niệm “đỗ xe” được hiểu như thế nào là đúng?', NULL, 0),
(136, 1, 'Trong trường hợp đặc biệt, để được lắp đặt, sử dụng còi, đèn không đúng với thiết kế của nhà sản xuất đối với từng loại xe cơ giới bạn phải đảm bảo yêu cầu nào dưới đây?', NULL, 0),
(137, 1, 'Người có GPLX mô tô hạng A1 được phép điều khiển loại xe nào dưới đây?', NULL, 0),
(138, 1, 'Tại nơi có biển báo hiệu cố định lại có báo hiệu tạm thời thì người tham gia giao thông phải chấp hành hiệu lệnh của báo hiệu nào?', NULL, 0),
(139, 1, 'Tại nơi đường giao nhau, người lái xe đang đi trên đường không ưu tiên phải nhường đường như thế nào là đúng quy tắc giao thông?', NULL, 0),
(140, 1, 'Người lái xe phải giảm tốc độ thấp hơn tốc độ tối đa cho phép (có thể dừng lại một cách an toàn) trong trường hợp nào dưới đây?', NULL, 0),
(141, 1, 'Trên đường bộ (trừ đường cao tốc) trong khu vực đông dân cư, đường đôi có dải phân cách giữa, xe mô tô hai bánh, ô tô chở người đến 30 chỗ tham gia giao thông với tốc độ tối đa cho phép là bao nhiêu?', NULL, 0),
(142, 1, 'Trong các hành vi dưới đây, người lái xe ô tô, mô tô có văn hóa giao thông phải ứng xử như thế nào?', NULL, 0),
(143, 1, 'Khi đang lái xe mô tô và ô tô, nếu có nhu cầu sử dụng điện thoại để nhắn tin hoặc gọi điện, người lái xe phải thực hiện như thế nào trong các tình huống nêu dưới đây?', NULL, 0),
(144, 1, 'Biển nào báo hiệu cấm xe mô tô hai bánh đi vào?', '../assets/img/102.jpg', 0),
(145, 1, 'Biển nào xe quay đầu không bị cấm?', '../assets/img/110.jpg', 0),
(146, 1, 'Biển báo này có ý nghĩa như thế nào?', '../assets/img/118.jpg', 0),
(147, 1, 'Biển nào báo hiệu sắp đến chỗ giao nhau nguy hiểm?', '../assets/img/126.jpg', 0),
(148, 1, 'Biển nào báo hiệu “Giao nhau với đường ưu tiên”?', '../assets/img/134.jpg', 0),
(149, 1, 'Biển nào báo hiệu “Giao nhau với đường hai chiều”?', '../assets/img/142.jpg', 0),
(150, 1, 'Trong các biển dưới đây biển nào là biển “Hết tốc độ tối đa cho phép”?', '../assets/img/150.jpg', 0),
(151, 1, 'Gặp biển báo này, người tham gia giao thông phải xử lý như thế nào?', '../assets/img/158.jpg', 0),
(152, 1, 'Thứ tự các xe đi như thế nào là đúng quy tắc giao thông?', '../assets/img/166.jpg', 0),
(153, 1, 'Theo hướng mũi tên, những hướng nào xe gắn máy đi được?', '../assets/img/174.jpg', 0),
(154, 1, 'Các xe đi như thế nào là đúng quy tắc giao thông?', '../assets/img/182.jpg', 0),
(155, 1, 'Theo tín hiệu đèn của xe cơ giới, xe nào vi phạm quy tắc giao thông?', '../assets/img/190.jpg', 0),
(156, 1, 'Xe nào dừng đúng theo quy tắc giao thông?', '../assets/img/198.jpg', 0),
(157, 1, 'Khái niệm “phương tiện giao thông cơ giới đường bộ” được hiểu thế nào là đúng?', NULL, 0),
(158, 1, 'Biển báo hiệu có dạng hình tròn, viền đỏ, nền trắng, trên nền có hình vẽ hoặc chữ số, chữ viết màu đen là loại biển gì dưới đây?', '../assets/img/39.jpg', 0),
(159, 1, 'Trên đường có nhiều làn đường cho xe đi cùng chiều được phân biệt bằng vạch kẻ phân làn đường, người điều khiển phương tiện phải cho xe đi như thế nào?', NULL, 0),
(160, 1, 'Tại nơi đường giao nhau không có báo hiệu đi theo vòng xuyến, người điều khiển phương tiện phải nhường đường như thế nào là đúng quy tắc giao thông?', NULL, 0),
(161, 1, 'Tại ngã ba hoặc ngã tư không có đảo an toàn, người lái xe phải nhường đường như thế nào là đúng trong các trường hợp dưới đây?', NULL, 0),
(162, 1, 'Trên đường bộ (trừ đường cao tốc) trong khu vực đông dân cư, đường hai chiều không có dải phân cách giữa, xe mô tô hai bánh, ô tô chở người đến 30 chỗ tham gia giao thông với tốc độ tối đa cho phép là bao nhiêu?', NULL, 0),
(163, 1, 'Theo Luật Giao thông đường bộ, tín hiệu đèn giao thông gồm 3 màu nào dưới đây?', NULL, 0),
(164, 1, 'Khi xảy ra tai nạn giao thông, có người bị thương nghiêm trọng, người lái xe và người có mặt tại hiện trường vụ tai nạn phải thực hiện các công việc gì dưới đây?', NULL, 0),
(165, 1, 'Những thói quen nào dưới đây khi điều khiển xe mô tô tay ga tham gia giao thông dễ gây tai nạn nguy hiểm?', NULL, 0),
(166, 1, 'Khi gặp biển nào thì xe mô tô hai bánh được đi vào?', '../assets/img/103.jpg', 0),
(167, 1, 'Biển nào xe được phép quay đầu nhưng không được rẽ trái?', '../assets/img/111.jpg', 0),
(168, 1, 'Chiều dài đoạn đường 500 m từ nơi đặt biển này, người lái xe có được phép bấm còi không?', '../assets/img/119.jpg', 0),
(169, 1, 'Biển nào báo hiệu “Giao nhau với đường sắt có rào chắn”?', '../assets/img/127.jpg', 0),
(170, 1, 'Biển nào báo hiệu “Đường bị thu hẹp”?', '../assets/img/135.jpg', 0),
(171, 1, 'Biển nào báo hiệu “Chú ý chướng ngại vật”?', '../assets/img/143.jpg', 0),
(172, 1, 'Hiệu lực của biển “Tốc độ tối đa cho phép” hết tác dụng khi gặp biển nào dưới đây?', '../assets/img/151.jpg', 0),
(173, 1, 'Biển số 1 có ý nghĩa gì?', '../assets/img/159.jpg', 0),
(174, 1, 'Thứ tự các xe đi như thế nào là đúng quy tắc giao thông?', '../assets/img/167.jpg', 0),
(175, 1, 'Xe nào đỗ vi phạm quy tắc giao thông?', '../assets/img/175.jpg', 0),
(176, 1, 'Theo hướng mũi tên, xe nào được phép đi?', '../assets/img/183.jpg', 0),
(177, 1, 'Các xe đi theo hướng mũi tên, xe nào vi phạm quy tắc giao thông?', '../assets/img/191.jpg', 0),
(178, 1, 'Xe của bạn đang di chuyển gần đến khu vực giao cắt với đường sắt, khi rào chắn đang dịch chuyển, bạn điều khiển xe như thế nào là đứng quy tắc giao thông?', '../assets/img/199.jpg', 0),
(179, 1, 'Khái niệm “phương tiện giao thông thô sơ đường bộ” được hiểu thế nào là đúng?', NULL, 0),
(180, 1, 'Bạn đang lái xe phía trước có một xe cảnh sát giao thông không phát tín hiệu ưu tiên bạn có được phép vượt hay không?', NULL, 0),
(181, 1, 'Biển báo hiệu có dạng tam giác đều, viền đỏ, viền màu vàng, trên có hình vẽ màu đen là loại biển gì dưới đây?', '../assets/img/40.jpg', 0),
(182, 1, 'Trên đường một chiều có vạch kẻ phân làn đường, xe thô sơ và xe cơ giới phải đi như thế nào là đúng quy tắc giao thông?', NULL, 0),
(183, 1, 'Tại nơi đường bộ giao nhau cùng mức với đường sắt chỉ có đèn tín hiệu hoặc chuông báo hiệu, khi đèn tín hiệu màu đỏ đã bật sáng hoặc có tiếng chuông báo hiệu, người tham gia giao thông phải dừng lại ngay và giữ khoảng cách tối thiểu bao nhiêu mét tính từ ray gần nhất?', NULL, 0),
(184, 1, 'Khi điều khiển xe cơ giới, người lái xe phải bật đèn tín hiệu báo rẽ trong trường hợp nào sau đây?', NULL, 0),
(185, 1, 'Trên đường bộ (trừ đường cao tốc) trong khu vực đông dân cư, đường hai chiều hoặc đường một chiều có một làn xe cơ giới, loại xe nào dưới đây được tham gia giao thông với tốc độ tối đa cho phép là 50 km/h?', NULL, 0),
(186, 1, 'Tại nơi giao nhau, khi đèn điều khiển giao thông có tín hiệu màu vàng, người điều khiển giao thông phải chấp hành như thế nào là đúng quy tắc giao thông?', NULL, 0),
(187, 1, 'Trên đường đang xảy ra ùn tắc những hành vi nào sau đây là thiếu văn hóa khi tham gia giao thông?', NULL, 0),
(188, 1, 'Khi điều khiển xe mô tô quay đầu người lái xe cần thực hiện như thế nào để đảm bảo an toàn?', NULL, 0),
(189, 1, 'Biển nào cấm quay đầu xe?', '../assets/img/104.jpg', 0),
(190, 1, 'Biển nào là biển “Cấm đi ngược chiều”?', '../assets/img/112.jpg', 0),
(191, 1, 'Biển nào xe mô tô hai bánh được đi vào?', '../assets/img/120.jpg', 0),
(192, 1, 'Biển nào báo hiệu nguy hiểm giao nhau với đường sắt?', '../assets/img/128.jpg', 0),
(193, 1, 'Khi gặp biển nào, người lái xe phải giảm tốc độ, chú ý xe đi ngược chiều, xe đi ở phía đường bị hẹp phải nhường đường cho xe đi ngược chiều?', '../assets/img/136.jpg', 0),
(194, 1, 'Gặp biển nào người tham gia giao thông phải đi chậm và thận trọng đề phòng khả năng xuất hiện và di chuyển bất ngờ của trẻ em trên mặt đường?', '../assets/img/144.jpg', 0),
(195, 1, 'Trong các biển dưới đây biển nào là biển “Hết hạn chế tốc độ tối thiểu” ?', '../assets/img/152.jpg', 0),
(196, 1, 'Vạch kẻ đường nào dưới đây là vạch phân chia các làn xe cùng chiều?', '../assets/img/160.jpg', 0),
(197, 1, 'Trường hợp này xe nào được quyền đi trước?', '../assets/img/168.jpg', 0),
(198, 1, 'Xe nào đỗ vi phạm quy tắc giao thông?', '../assets/img/176.jpg', 0),
(199, 1, 'Trong hình dưới đây, xe nào chấp hành đúng quy tắc giao thông?', '../assets/img/184.jpg', 0),
(200, 1, 'Các xe đi theo hướng mũi tên, xe nào vi phạm quy tắc giao thông?', '../assets/img/192.jpg', 0),
(201, 1, 'Trong tình huống dưới đây, xe đầu kéo kéo rơ moóc (xe container) đang rẽ phải, xe con màu xanh và xe máy phía sau xe container đi như thế nào để đảm bảo an toàn?', '../assets/img/200.jpg', 0);

-- --------------------------------------------------------

--
-- Cấu trúc bảng cho bảng `users`
--

CREATE TABLE `users` (
  `id` int(11) NOT NULL,
  `name` varchar(100) NOT NULL,
  `email` varchar(100) NOT NULL,
  `password` varchar(255) NOT NULL,
  `role` enum('hocvien','giaovien') DEFAULT 'hocvien'
) ENGINE=InnoDB DEFAULT CHARSET=utf8mb4 COLLATE=utf8mb4_unicode_ci;

--
-- Chỉ mục cho các bảng đã đổ
--

--
-- Chỉ mục cho bảng `answers`
--
ALTER TABLE `answers`
  ADD PRIMARY KEY (`answer_id`),
  ADD KEY `question_id` (`question_id`);

--
-- Chỉ mục cho bảng `exam_categories`
--
ALTER TABLE `exam_categories`
  ADD PRIMARY KEY (`category_id`);

--
-- Chỉ mục cho bảng `exam_sets`
--
ALTER TABLE `exam_sets`
  ADD PRIMARY KEY (`set_id`),
  ADD KEY `category_id` (`category_id`);

--
-- Chỉ mục cho bảng `questions`
--
ALTER TABLE `questions`
  ADD PRIMARY KEY (`question_id`),
  ADD KEY `set_id` (`set_id`);

--
-- Chỉ mục cho bảng `users`
--
ALTER TABLE `users`
  ADD PRIMARY KEY (`id`),
  ADD UNIQUE KEY `email` (`email`);

--
-- AUTO_INCREMENT cho các bảng đã đổ
--

--
-- AUTO_INCREMENT cho bảng `answers`
--
ALTER TABLE `answers`
  MODIFY `answer_id` int(11) NOT NULL AUTO_INCREMENT, AUTO_INCREMENT=594;

--
-- AUTO_INCREMENT cho bảng `exam_categories`
--
ALTER TABLE `exam_categories`
  MODIFY `category_id` int(11) NOT NULL AUTO_INCREMENT, AUTO_INCREMENT=4;

--
-- AUTO_INCREMENT cho bảng `exam_sets`
--
ALTER TABLE `exam_sets`
  MODIFY `set_id` int(11) NOT NULL AUTO_INCREMENT, AUTO_INCREMENT=42;

--
-- AUTO_INCREMENT cho bảng `questions`
--
ALTER TABLE `questions`
  MODIFY `question_id` int(11) NOT NULL AUTO_INCREMENT, AUTO_INCREMENT=202;

--
-- AUTO_INCREMENT cho bảng `users`
--
ALTER TABLE `users`
  MODIFY `id` int(11) NOT NULL AUTO_INCREMENT;

--
-- Các ràng buộc cho các bảng đã đổ
--

--
-- Các ràng buộc cho bảng `answers`
--
ALTER TABLE `answers`
  ADD CONSTRAINT `answers_ibfk_1` FOREIGN KEY (`question_id`) REFERENCES `questions` (`question_id`);

--
-- Các ràng buộc cho bảng `exam_sets`
--
ALTER TABLE `exam_sets`
  ADD CONSTRAINT `exam_sets_ibfk_1` FOREIGN KEY (`category_id`) REFERENCES `exam_categories` (`category_id`);

--
-- Các ràng buộc cho bảng `questions`
--
ALTER TABLE `questions`
  ADD CONSTRAINT `questions_ibfk_1` FOREIGN KEY (`set_id`) REFERENCES `exam_sets` (`set_id`);
COMMIT;

/*!40101 SET CHARACTER_SET_CLIENT=@OLD_CHARACTER_SET_CLIENT */;
/*!40101 SET CHARACTER_SET_RESULTS=@OLD_CHARACTER_SET_RESULTS */;
/*!40101 SET COLLATION_CONNECTION=@OLD_COLLATION_CONNECTION */;
